Workbook

Sheet Summary
A1: DFAT PNG Housing - Project 2- PTE
B3: SUMMARY
A4: Code | B4: Description | C4: Total
A5: 1 | B5: Stage 2 | C5: =C10+C9+C8+C7+C6 -> 0
B6: H35 | C6: ='H13, H16, H35'!F214 -> 0
B7: H36 | C7: ='H4, H14, H15, H36, H37, H38,H39'!F213 -> 0
B8: H37 | C8: ='H4, H14, H15, H36, H37, H38,H39'!F213 -> 0
B9: H38 | C9: ='H4, H14, H15, H36, H37, H38,H39'!F213 -> 0
B10: H39 | C10: ='H4, H14, H15, H36, H37, H38,H39'!F213 -> 0
A12: 2 | B12: Stage 3 | C12: =SUM(C13:C18) -> 0
B13: H29 | C13: ='H25, H29'!F209 -> 0
B14: H30 | C14: ='H19, H30'!F209 -> 0
B15: H31 | C15: ='H18, H23, H31'!F209 -> 0
B16: H32 | C16: ='H28, H32'!F209 -> 0
B17: H33 | C17: ='H22, H33'!F209 -> 0
B18: H34 | C18: ='H21, H34, H26'!F209 -> 0
A20: 3 | B20: Stage 4 | C20: =SUM(C21:C26) -> 0
B21: H23 | C21: ='H18, H23, H31'!F209 -> 0
B22: H24 | C22: ='H24, H17'!F209 -> 0
B23: H25 | C23: ='H25, H29'!F209 -> 0
B24: H26 | C24: ='H21, H34, H26'!F209 -> 0
B25: H27 | C25: ='H20, H27'!F209 -> 0
B26: H28 | C26: ='H28, H32'!F209 -> 0
A28: 4 | B28: Stage 5 | C28: =SUM(C29:C32) -> 0
B29: H13 | C29: ='H13, H16, H35'!F214 -> 0
B30: H14 | C30: ='H4, H14, H15, H36, H37, H38,H39'!F213 -> 0
B31: H15 | C31: ='H4, H14, H15, H36, H37, H38,H39'!F213 -> 0
B32: H16 | C32: ='H13, H16, H35'!F214 -> 0
A34: 5 | B34: Stage 6 | C34: =SUM(C35:C40) -> 0
B35: H17 | C35: ='H24, H17'!F209 -> 0
B36: H18 | C36: ='H18, H23, H31'!F209 -> 0
B37: H19 | C37: ='H19, H30'!F209 -> 0
B38: H20 | C38: ='H20, H27'!F209 -> 0
B39: H21 | C39: ='H21, H34, H26'!F209 -> 0
B40: H22 | C40: ='H22, H33'!F209 -> 0
A42: 6 | B42: Stage 7 | C42: =SUM(C43:C48) -> 0
B43: H1 | C43: ='H1, H2, H7, H8'!F211 -> 0
B44: H2 | C44: ='H1, H2, H7, H8'!F211 -> 0
B45: H3 | C45: ='H3'!F212 -> 0
B46: H4 | C46: ='H4, H14, H15, H36, H37, H38,H39'!F213 -> 0
B47: H5 | C47: ='H5'!F211 -> 0
B48: H6 | C48: ='H6'!F212 -> 0
A50: 7 | B50: Stage 8 | C50: =SUM(C51:C56) -> 0
B51: H7 | C51: ='H1, H2, H7, H8'!F211 -> 0
B52: H8 | C52: ='H1, H2, H7, H8'!F211 -> 0
B53: H9 | C53: ='H9, H11'!F213 -> 0
B54: H10 | C54: ='H10, H12'!F212 -> 0
B55: H11 | C55: ='H9, H11'!F213 -> 0
B56: H12 | C56: ='H10, H12'!F212 -> 0
B59: TOTAL | C59: =C50+C42+C34+C28+C20+C12+C5 -> 0
B61: Provisional Sum Items
A63: 8 | B63: New Doors & Window (incl. prelims, margin, escalation & contingency)
A64: 9 | B64: Additional Fitments incl. Whitegoods (incl. prelims, margin, escalation & contingency)
B65: TOTAL | C65: =SUM(C62:C64) -> 0
B67: TOTAL | C67: =C65+C59 -> 0

Sheet Work Rates
C1: Day Work Rates
C3: Description | D3: Hourly Rate | E3: Daily Rate
B4: 1 | C4: Contract manager | D4: [AUD or PCK] | E4: [AUD or PCK]
B5: 2 | C5: Project manager | D5: [AUD or PCK] | E5: [AUD or PCK]
B6: 3 | C6: WHS manager | D6: [AUD or PCK] | E6: [AUD or PCK]
B7: 4 | C7: Foreman | D7: [AUD or PCK] | E7: [AUD or PCK]
B8: 5 | C8: Unskilled Labour | D8: [AUD or PCK] | E8: [AUD or PCK]
B9: 6 | C9: Electrician | D9: [AUD or PCK] | E9: [AUD or PCK]
B10: 7 | C10: Plumber | D10: [AUD or PCK] | E10: [AUD or PCK]
B11: 8 | C11: Mechanical Technician | D11: [AUD or PCK] | E11: [AUD or PCK]
B12: 9 | C12: Carpenter | D12: [AUD or PCK] | E12: [AUD or PCK]
B13: 10 | C13: Plasterer | D13: [AUD or PCK] | E13: [AUD or PCK]
B14: 11 | C14: Painter | D14: [AUD or PCK] | E14: [AUD or PCK]
B15: 12 | C15: Tiler | D15: [AUD or PCK] | E15: [AUD or PCK]
B16: 13 | C16: [insert additional rows as required] | D16: [AUD or PCK] | E16: [AUD or PCK]

Sheet H1, H2, H7, H8
A1: DFAT PNG Housing - H1, H2, H7, H8 - PTE
A3: Code | B3: Description | C3: Quantity | D3: UOM | E3: Rate | F3: Total
B5: BUILDING TYPES
A6: 1 | B6: H1, H2, H7, H8
B8: 4 BEDROOM APARTMENT
A10: 1.1 | B10: Demolition
B11: DEMOLITION
B12: Preamble
B13: Rate include disposal of demolition debris | D13: note
B14: Protection
A15: 1.1.1 | B15: Protection of the existing doors and architrave during construction | C15: 15 | D15: no | F15: =C15*E15 -> 0
A16: 1.1.2 | B16: Remove/store the reusable items | C16: 1 | D16: Item | F16: =C16*E16 -> 0
B17: Services Protection
A18: 1.1.3 | B18: Terminating redundant services and capping of existing services including light switches, GPO's Data outlets, TV outlets | C18: 1 | D18: Item | F18: =C18*E18 -> 0
B19: Demolition
A20: 1.1.4 | B20: Removal and disposal of existing joinery and accessories | C20: 8 | D20: m | F20: =C20*E20 -> 0
A21: 1.1.5 | B21: Removal and disposal of existing partition | C21: 8 | D21: m2 | F21: =C21*E21 -> 0
A22: 1.1.6 | B22: Removal and disposal of plasterboard cladding in all existing wardrobes, and make good for new fibre cement sheet | C22: 36 | D22: m2 | F22: =C22*E22 -> 0
A23: 1.1.7 | B23: Removal and disposal of existing wardrobe | C23: 12 | D23: m | F23: =C23*E23 -> 0
A24: 1.1.8 | B24: Removal and disposal of existing door furniture | C24: 13 | D24: no | F24: =C24*E24 -> 0
A25: 1.1.9 | B25: Removal and disposal of existing stair treads, handrail & balustrade | C25: 9 | D25: m | F25: =C25*E25 -> 0
A26: 1.1.10 | B26: Removal and disposal of existing floor finishes | C26: 145 | D26: m2 | F26: =C26*E26 -> 0
A27: 1.1.11 | B27: Removal and disposal of existing shower base | C27: 2 | D27: no | F27: =C27*E27 -> 0
A28: 1.1.12 | B28: Removal and disposal of bath & toilet pan | C28: 1 | D28: item | F28: =C28*E28 -> 0
A29: 1.1.13 | B29: Removal and disposal of existing doors | C29: 1 | D29: no | F29: =C29*E29 -> 0
A30: 1.1.14 | B30: Removal and disposal existing wall tiling | C30: 86 | D30: m2 | F30: =C30*E30 -> 0
A31: 1.1.15 | B31: Removal and disposal internal distribution boards | C31: 1 | D31: no | F31: =C31*E31 -> 0
... A33: 1.1.17 | B33: Removal and disposal of all existing external perimeter windows and security grill including Making good of existing window flashing and DPC's | C33: 56 | D33: m2 | F33: =C33*E33 -> 0
B34: Miscellaneous | F34: =C34*E34 -> 0
A35: 1.1.19 | B35: Removal and disposal of existing general power, wiring, smoke alarms and any other unmeasured items | C35: 1 | D35: Item | F35: =C35*E35 -> 0
A36: 1.1.20 | B36: Removal and disposal of existing lights | C36: 1 | D36: item | F36: =C36*E36 -> 0
A37: 1.1.21 | B37: Removal and disposal all existing ceiling fans, associated controls and make good ceiling | C37: 1 | D37: item | F37: =C37*E37 -> 0
A38: 1.1.22 | B38: All emergency key fittings to be removed | C38: 1 | D38: item | F38: =C38*E38 -> 0
B39: TOTAL Demolition | F39: =SUM(F15:F38) -> 0
A41: 1.2 | B41: Wall Finishes/Painting
B42: WALL FINISHES/PAINTING
B43: Preambles
B44: All existing internal walls to be repainted or retiled as applicable, following completion of all patching and surface preparation works. | D44: note
B45: Internal wall surfaces to be prepared to receive new finishes, including filling, sanding, and priming as required. | D45: note
B46: Ceiling painting is excluded from this section and is addressed under Ceiling Finishes | D46: note
B47: New skirting is assumed to be provided to all internal walls, except within wet areas where full-height or partial-height wall tiling is installed. | D47: note
B48: Painting is assumed behind fixed and loose joinery unless noted otherwise. | D48: note
B49: No painting or refinishing works are included to external facade | D49: note
B50: Painting
A51: 1.2.1 | B51: Painting to wall in PA.01 with 3 coat (Dulux Wash&Wear;+Plus, Semigloss/Stain), allow patch to the existing wall | C51: 338 | D51: m2 | F51: =C51*E51 -> 0
B52: Tiling
A53: 1.2.2 | B53: TI.01 wall tiling to wet area - 300mm x 600mm Bright White Porcelain Tiles - Pressed Edge and patching to existing walls | C53: 66 | D53: m2 | F53: =C53*E53 -> 0
A54: 1.2.3 | B54: TI.05 wall tilling to kitchen & laundry - 296 x 297mm Kit Kat White Gloss Porcelain Tiles (Earp Bros or similar), patching to existing walls | C54: 6 | D54: m2 | F54: =C54*E54 -> 0
A55: 1.2.4 | B55: Waterproof membrane to wet areas to Walls & floor | C55: 88 | D55: m2 | F55: =C55*E55 -> 0
B56: Skirting
A57: 1.2.5 | B57: 100mm high laminated skirting, and paint in PA.02 (Dulux Wash&Wear;+Plus Kitchen & Bathroom, Whisper White, SW1C2) | C57: 128 | D57: m | F57: =C57*E57 -> 0
B58: Doors
A59: 1.2.6 | B59: Paint to doors 2-sides in PA.02 (Dulux Wash&Wear;+Plus Kitchen & Bathroom, Whisper White, SW1C2) | C59: 13 | D59: no | F59: =C59*E59 -> 0
B60: TOTAL Wall Finishes/Painting | F60: =SUM(F51:F59) -> 0
A62: 1.3 | B62: Floor Finishes
B63: FLOOR FINISHES
B64: Preambles
B65: Floor tiling is assumed to extend beneath all new joinery units to allow for future removal or reconfiguration without requiring floor finishes to be replaced. | D65: note
B66: Any new screed required to achieve levels and falls is deemed to be included within the floor tiling rate. | D66: note
B67: Tiling
A68: 1.3.1 | B68: TI.03 - 300mm x 600mm x 9mm thick tiled flooring, supplied by EARP BROS, Moov Grey, with laticrete spectralock pro premium grout in sterling silver | C68: 120 | D68: m2 | F68: =C68*E68 -> 0
A69: 1.3.2 | B69: TI.04 to wet area - 300mm x 600mm x 9mm thick tiled flooring, supplied by EARP BROS, Moov Grey, with laticrete spectralock pro premium grout in sterling silver | C69: 16 | D69: m2 | F69: =C69*E69 -> 0
B70: Stair
A71: 1.3.3 | B71: Recessed stair nosing | C71: 12.8 | D71: m | F71: =C71*E71 -> 0
A72: 1.3.4 | B72: Re-finish the existing timber stairs landing, treads and rises | C72: 8 | D72: m2 | F72: =C72*E72 -> 0
B73: TOTAL Floor Finishes | F73: =SUM(F68:F72) -> 0
A75: 1.4 | B75: Ceiling Finishes
B76: CEILING FINISHES
B77: Preambles
B78: Finishes
A79: 1.4.1 | B79: Paint to all existing plasterboard ceilings for new 3-coat paint system PA.03 (Dulux Wash&Wear;+Plus Kitchen & Bathroom, Flat white, low sheen), including cleaning. mould treatment and eradication, minor repairs, sanding and priming as required. | C79: 155 | D79: m2 | F79: =C79*E79 -> 0
B80: TOTAL Ceiling Finishes | F80: =SUM(F79) -> 0
A82: 1.5 | B82: Door and Window
B83: DOOR AND WINDOWS
B84: Preambles
B85: Rates are deemed to include the supply and installation of all door hardware and all applied finishes. | D85: note
B86: Doors
A87: 1.5.1 | B87: Refurbishment of existing gate including all preparation, fixings, finishes, adjustments, and making good required to suit installation of new perforated metal screen (900mmW x 1250mmH) | C87: 1 | D87: no | F87: =C87*E87 -> 0
A88: 1.5.2 | B88: Adding new door seals and replacing existing door hardwares as per the door schedule | C88: 13 | D88: no | F88: =C88*E88 -> 0
A89: 1.5.3 | B89: Replacing the leaf finish of D04 to GL.01 new double glazing to match new double glazed windows | C89: 1 | D89: no | F89: =C89*E89 -> 0
B90: TOTAL Door and Window | F90: =SUM(F86:F89) -> 0
A92: 1.6 | B92: Joinery
B93: JOINERY
B94: Preamble
B95: Joinery unit rates are deemed to include the supply and installation of laminated benchtops and tiled splashbacks, complete, unless specifically noted otherwise in the documentation. | D95: note
B96: Robe unit rates are deemed to include the supply and installation of sliding mirrored doors, complete with tracks, guides, and associated fittings. | D96: note
B97: Joinery unit rates are deemed to include all hardware necessary for a complete and functional installation, including soft - close hinges, soft - close runners, fixings, and all incidental hardware. | D97: note
B98: Joinery unit rates are deemed to include all costs associated with delivery to site, handling, positioning, installation, and making good directly affected surfaces. | D98: note
B99: Kitchen
A100: 1.6.1 | B100: JO1a/b - comprising 880mm high under-bench cupboards and drawers, 800mm high overhead cupboards, pantry units and complete with 20mm stone benchtop including waterfall edge and tiled splashback | C100: 9.64 | D100: m | F100: =C100*E100 -> 0
B101: Laundry
A102: 1.6.2 | B102: JO2a/b – comprising 880mm high under-bench cupboards and drawers, full-height broom cupboard, 20mm solid surface benchtop, tiled splashback and overhead cupboards to washing machine side only. | C102: 4.2 | D102: m | F102: =C102*E102 -> 0
B103: Robes
A104: 1.6.3 | B104: JO5a – comprising full height built-in sliding door wardrobes to 2700 mm high with 4 panel door system, mirror behind, internal shelving and hanging rails. | C104: 5.96 | D104: m | F104: =C104*E104 -> 0
A105: 1.6.4 | B105: JO5b – comprising full height built-in sliding door wardrobes to 2700 mm high with 2 panel door system, mirror behind, internal shelving and hanging rails. | C105: 1.48 | D105: m | F105: =C105*E105 -> 0
B106: WIR
A107: 1.6.5 | B107: JO7a/b – comprising open walk-in robe joinery with full-height laminate carcass, adjustable shelving, drawer units and hanging rails. | C107: 2.68 | D107: m | F107: =C107*E107 -> 0
B108: Linen
A109: 1.6.6 | B109: JO6 – comprising full-height sliding door linen cupboard to 2700mm high with 3 panel door system, hang rail and shelving. | C109: 1.83 | D109: m | F109: =C109*E109 -> 0
B110: Mirror cabinet
...

Sheet H3
A1: DFAT PNG Housing - H3 - PTE
A3: Code | B3: Description | C3: Quantity | D3: UOM | E3: Rate | F3: Total
B5: BUILDING TYPES
A6: 2 | B6: H3
B8: 4 BEDROOM APARTMENT
A10: 2.1 | B10: Demolition
B11: DEMOLITION
B12: Preamble
B13: Rate include disposal of demolition debris | D13: note
B14: Protection
A15: 2.1.1 | B15: Protection of the existing doors and architrave during construction | C15: 15 | D15: no | F15: =C15*E15 -> 0
A16: 2.1.2 | B16: Remove/store the reusable items | C16: 1 | D16: Item | F16: =C16*E16 -> 0
B17: Services Protection
A18: 2.1.3 | B18: Terminating redundant services and capping of existing services including light switches, GPO's Data outlets, TV outlets | C18: 1 | D18: Item | F18: =C18*E18 -> 0
B19: Demolition
A20: 2.1.4 | B20: Removal and disposal of existing joinery and accessories | C20: 8 | D20: m | F20: =C20*E20 -> 0
A21: 2.1.5 | B21: Removal and disposal of existing partition | C21: 7 | D21: m2 | F21: =C21*E21 -> 0
A22: 2.1.6 | B22: Removal and disposal of plasterboard cladding in all existing wardrobes, and make good for new fibre cement sheet | C22: 36 | D22: m2 | F22: =C22*E22 -> 0
A23: 2.1.7 | B23: Removal and disposal of existing wardrobe | C23: 12 | D23: m | F23: =C23*E23 -> 0
A24: 2.1.8 | B24: Removal and disposal of existing door furniture | C24: 13 | D24: no | F24: =C24*E24 -> 0
A25: 2.1.9 | B25: Removal and disposal of existing stair treads, handrail & balustrade | C25: 9 | D25: m | F25: =C25*E25 -> 0
A26: 2.1.10 | B26: Removal and disposal of existing floor finishes | C26: 145 | D26: m2 | F26: =C26*E26 -> 0
A27: 2.1.11 | B27: Removal and disposal of existing shower base | C27: 2 | D27: no | F27: =C27*E27 -> 0
A28: 2.1.12 | B28: Removal and disposal of bath & toilet pan | C28: 1 | D28: item | F28: =C28*E28 -> 0
A29: 2.1.13 | B29: Removal and disposal of existing doors | C29: 1 | D29: no | F29: =C29*E29 -> 0
A30: 2.1.14 | B30: Removal and disposal existing wall tiling | C30: 85 | D30: m2 | F30: =C30*E30 -> 0
A31: 2.1.15 | B31: Removal and disposal internal distribution boards | C31: 1 | D31: no | F31: =C31*E31 -> 0
... A33: 2.1.17 | B33: Removal and disposal of all existing external perimeter windows and security grill including Making good of existing window flashing and DPC's | C33: 56 | D33: m2 | F33: =C33*E33 -> 0
B34: Miscellaneous
A35: 2.1.18 | B35: Removal and disposal of existing general power, wiring, smoke alarms and any other unmeasured items | C35: 1 | D35: Item | F35: =C35*E35 -> 0
A36: 2.1.19 | B36: Removal and disposal of existing lights | C36: 1 | D36: item | F36: =C36*E36 -> 0
A37: 2.1.20 | B37: Removal and disposal all existing ceiling fans, associated controls and make good ceiling | C37: 1 | D37: item | F37: =C37*E37 -> 0
A38: 2.1.21 | B38: All emergency key fittings to be removed | C38: 1 | D38: item | F38: =C38*E38 -> 0
B39: TOTAL Demolition | F39: =SUM(F15:F38) -> 0
A41: 2.2 | B41: Wall Finishes/Painting
B42: WALL FINISHES/PAINTING
B43: Preambles
B44: All existing internal walls to be repainted or retiled as applicable, following completion of all patching and surface preparation works. | D44: note
B45: Internal wall surfaces to be prepared to receive new finishes, including filling, sanding, and priming as required. | D45: note
B46: Ceiling painting is excluded from this section and is addressed under Ceiling Finishes | D46: note
B47: New skirting is assumed to be provided to all internal walls, except within wet areas where full-height or partial-height wall tiling is installed.
B48: Painting is assumed behind fixed and loose joinery unless noted otherwise. | D48: note
B49: No painting or refinishing works are included to external facade | D49: note
B50: Painting
A51: 2.2.1 | B51: Painting to wall in PA.01 with 3 coat (Dulux Wash&Wear;+Plus, Semigloss/Stain), allow patch to the existing wall | C51: 333 | D51: m2 | F51: =C51*E51 -> 0
B52: Tiling
A53: 2.2.2 | B53: TI.01 wall tiling to wet area - 300mm x 600mm Bright White Porcelain Tiles - Pressed Edge and patching to existing walls | C53: 71 | D53: m2 | F53: =C53*E53 -> 0
A54: 2.2.3 | B54: TI.05 wall tilling to kitchen & laundry - 296 x 297mm Kit Kat White Gloss Porcelain Tiles (Earp Bros or similar), patching to existing walls | C54: 6 | D54: m2 | F54: =C54*E54 -> 0
A55: 2.2.4 | B55: Waterproof membrane to wet areas to Walls & floor | C55: 94 | D55: m2 | F55: =C55*E55 -> 0
B56: Skirting
A57: 2.2.5 | B57: 100mm high laminated skirting, and paint in PA.02 (Dulux Wash&Wear;+Plus Kitchen & Bathroom, Whisper White, SW1C2) | C57: 126 | D57: m | F57: =C57*E57 -> 0
B58: Doors
A59: 2.2.6 | B59: Paint to doors 2-sides in PA.02 (Dulux Wash&Wear;+Plus Kitchen & Bathroom, Whisper White, SW1C2) | C59: 13 | D59: no | F59: =C59*E59 -> 0
B60: TOTAL Wall Finishes/Painting | F60: =SUM(F50:F59) -> 0
A62: 2.3 | B62: Floor Finishes
B63: FLOOR FINISHES
B64: Preambles
B65: Floor tiling is assumed to extend beneath all new joinery units to allow for future removal or reconfiguration without requiring floor finishes to be replaced. | D65: note
B66: Any new screed required to achieve levels and falls is deemed to be included within the floor tiling rate. | D66: note
B67: Tiling
A68: 2.3.1 | B68: TI.03 - 300mm x 600mm x 9mm thick tiled flooring, supplied by EARP BROS, Moov Grey, with laticrete spectralock pro premium grout in sterling silver | C68: 119 | D68: m2 | F68: =C68*E68 -> 0
A69: 2.3.2 | B69: TI.04 to wet area - 300mm x 600mm x 9mm thick tiled flooring, supplied by EARP BROS, Moov Grey, with laticrete spectralock pro premium grout in sterling silver | C69: 17 | D69: m2 | F69: =C69*E69 -> 0
B70: Stair
A71: 2.3.3 | B71: Recessed stair nosing | C71: 12.8 | D71: m | F71: =C71*E71 -> 0
A72: 2.3.4 | B72: Re-finish the existing timber stairs landing, treads and rises | C72: 8 | D72: m2 | F72: =C72*E72 -> 0
B73: TOTAL Floor Finishes | F73: =SUM(F68:F72) -> 0
A75: 2.4 | B75: Ceiling Finishes
B76: CEILING FINISHES
B77: Preambles
B78: Finishes
A79: 2.4.1 | B79: Paint to all existing plasterboard ceilings for new 3-coat paint system PA.03 (Dulux Wash&Wear;+Plus Kitchen & Bathroom, Flat white, low sheen), including cleaning. mould treatment and eradication, minor repairs, sanding and priming as required. | C79: 154 | D79: m2 | F79: =C79*E79 -> 0
B80: TOTAL Ceiling Finishes | F80: =SUM(F79) -> 0
A82: 2.5 | B82: Door and Window
B83: DOOR AND WINDOWS
B84: Preambles
B85: Rates are deemed to include the supply and installation of all door hardware and all applied finishes. | D85: note
B86: Doors
A87: 2.5.1 | B87: Refurbishment of existing gate including all preparation, fixings, finishes, adjustments, and making good required to suit installation of new perforated metal screen (900mmW x 1250mmH) | C87: 1 | D87: no | F87: =C87*E87 -> 0
A88: 2.5.2 | B88: Adding new door seals and replacing existing door hardwares as per the door schedule | C88: 13 | D88: no | F88: =C88*E88 -> 0
A89: 2.5.3 | B89: Replacing the leaf finish of D04 to GL.01 new double glazing to match new double glazed windows | C89: 1 | D89: no | F89: =C89*E89 -> 0
B90: TOTAL Door and Window | F90: =SUM(F85:F89) -> 0
A92: 2.6 | B92: Joinery
B93: JOINERY
B94: Preamble
B95: Joinery unit rates are deemed to include the supply and installation of laminated benchtops and tiled splashbacks, complete, unless specifically noted otherwise in the documentation. | D95: note
B96: Robe unit rates are deemed to include the supply and installation of sliding mirrored doors, complete with tracks, guides, and associated fittings. | D96: note
B97: Joinery unit rates are deemed to include all hardware necessary for a complete and functional installation, including soft - close hinges, soft - close runners, fixings, and all incidental hardware. | D97: note
B98: Joinery unit rates are deemed to include all costs associated with delivery to site, handling, positioning, installation, and making good directly affected surfaces. | D98: note
B99: Kitchen
A100: 2.6.1 | B100: JO1a/b - comprising 880mm high under-bench cupboards and drawers, 800mm high overhead cupboards, pantry units and complete with 20mm stone benchtop including waterfall edge and tiled splashback | C100: 9.64 | D100: m | F100: =C100*E100 -> 0
B101: Laundry
A102: 2.6.2 | B102: JO2a/b – comprising 880mm high under-bench cupboards and drawers, full-height broom cupboard, 20mm solid surface benchtop, tiled splashback and overhead cupboards to washing machine side only. | C102: 4.2 | D102: m | F102: =C102*E102 -> 0
B103: Robes
A104: 2.6.3 | B104: JO5a – comprising full height built-in sliding door wardrobes to 2700 mm high with 4 panel door system, mirror behind, internal shelving and hanging rails. | C104: 5.96 | D104: m | F104: =C104*E104 -> 0
A105: 2.6.4 | B105: JO5b – comprising full height built-in sliding door wardrobes to 2700 mm high with 2 panel door system, mirror behind, internal shelving and hanging rails. | C105: 1.48 | D105: m | F105: =C105*E105 -> 0
B106: WIR
A107: 2.6.5 | B107: JO7a/b – comprising open walk-in robe joinery with full-height laminate carcass, adjustable shelving, drawer units and hanging rails. | C107: 2.68 | D107: m | F107: =C107*E107 -> 0
B108: Linen
A109: 2.6.6 | B109: JO6 – comprising full-height sliding door linen cupboard to 2700mm high with 3 panel door system, hang rail and shelving. | C109: 1.83 | D109: m | F109: =C109*E109 -> 0
B110: Mirror cabinet
...

Sheet H4, H14, H15, H36, H37, H38,H39
A1: DFAT PNG Housing - H4, H 14, H15, H36, H38, H39 PTE
A3: Code | B3: Description | C3: Quantity | D3: UOM | E3: Rate | F3: Total
B5: BUILDING TYPES
A6: 3 | B6: H4, H14, H15, H36, H37, H38, H39
B8: 3 BEDROOM APARTMENT
A10: 3.1 | B10: Demolition
B11: DEMOLITION
B12: Preamble
B13: Rate include disposal of demolition debris | D13: note
B14: Protection
A15: 3.1.1 | B15: Protection of the existing doors and architrave during construction | C15: 15 | D15: no | F15: =C15*E15 -> 0
A16: 3.1.2 | B16: Remove/store the reusable items | C16: 1 | D16: Item | F16: =C16*E16 -> 0
B17: Services Protection
A18: 3.1.3 | B18: Terminating redundant services and capping of existing services including light switches, GPO's Data outlets, TV outlets | C18: 1 | D18: Item | F18: =C18*E18 -> 0
B19: Demolition
A20: 3.1.4 | B20: Removal and disposal of existing joinery and accessories | C20: 8 | D20: m | F20: =C20*E20 -> 0
A21: 3.1.5 | B21: Removal and disposal of existing partition | C21: 6 | D21: m2 | F21: =C21*E21 -> 0
A22: 3.1.6 | B22: Removal and disposal of plasterboard cladding in all existing wardrobes, and make good for new fibre cement sheet | C22: 41 | D22: m2 | F22: =C22*E22 -> 0
A23: 3.1.7 | B23: Removal and disposal of existing wardrobe | C23: 11 | D23: m | F23: =C23*E23 -> 0
A24: 3.1.8 | B24: Removal and disposal of existing door furniture | C24: 13 | D24: no | F24: =C24*E24 -> 0
A25: 3.1.9 | B25: Removal and disposal of existing stair treads, handrail & balustrade | C25: 9 | D25: m | F25: =C25*E25 -> 0
A26: 3.1.10 | B26: Removal and disposal of existing floor finishes | C26: 146 | D26: m2 | F26: =C26*E26 -> 0
A27: 3.1.11 | B27: Removal and disposal of existing shower base | C27: 2 | D27: no | F27: =C27*E27 -> 0
A28: 3.1.12 | B28: Removal and disposal of bath & toilet pan | C28: 1 | D28: item | F28: =C28*E28 -> 0
A29: 3.1.13 | B29: Removal and disposal of existing doors | C29: 1 | D29: no | F29: =C29*E29 -> 0
A30: 3.1.14 | B30: Removal and disposal existing wall tiling | C30: 69 | D30: m2 | F30: =C30*E30 -> 0
A31: 3.1.15 | B31: Removal and disposal internal distribution boards | C31: 1 | D31: no | F31: =C31*E31 -> 0
... A33: 3.1.17 | B33: Removal and disposal of all existing external perimeter windows and security grill including Making good of existing window flashing and DPC's | C33: 51 | D33: m2 | F33: =C33*E33 -> 0
B34: Miscellaneous
A35: 3.1.18 | B35: Removal and disposal of existing general power, wiring, smoke alarms and any other unmeasured items | C35: 1 | D35: Item | F35: =C35*E35 -> 0
A36: 3.1.19 | B36: Removal and disposal of existing lights | C36: 1 | D36: item | F36: =C36*E36 -> 0
A37: 3.1.20 | B37: Removal and disposal all existing ceiling fans, associated controls and make good ceiling | C37: 1 | D37: item | F37: =C37*E37 -> 0
A38: 3.1.21 | B38: All emergency key fittings to be removed | C38: 1 | D38: item | F38: =C38*E38 -> 0
B39: TOTAL Demolition | F39: =SUM(F15:F38) -> 0
A41: 3.2 | B41: Wall Finishes/Painting
B42: WALL FINISHES/PAINTING
B43: Preambles
B44: All existing internal walls to be repainted or retiled as applicable, following completion of all patching and surface preparation works. | D44: note
B45: Internal wall surfaces to be prepared to receive new finishes, including filling, sanding, and priming as required. | D45: note
B46: Ceiling painting is excluded from this section and is addressed under Ceiling Finishes | D46: note
B47: New skirting is assumed to be provided to all internal walls, except within wet areas where full-height or partial-height wall tiling is installed.
B48: Painting is assumed behind fixed and loose joinery unless noted otherwise. | D48: note
B49: No painting or refinishing works are included to external facade | D49: note
B50: Painting
A51: 3.2.1 | B51: Painting to wall in PA.01 with 3 coat (Dulux Wash&Wear;+Plus, Semigloss/Stain), allow patch to the existing wall | C51: 346 | D51: m2 | F51: =C51*E51 -> 0
B52: Tiling
A53: 3.2.2 | B53: TI.01 wall tiling to wet area - 300mm x 600mm Bright White Porcelain Tiles - Pressed Edge and patching to existing walls | C53: 66 | D53: m2 | F53: =C53*E53 -> 0
A54: 3.2.3 | B54: TI.05 wall tilling to kitchen & laundry - 296 x 297mm Kit Kat White Gloss Porcelain Tiles (Earp Bros or similar), patching to existing walls | C54: 6 | D54: m2 | F54: =C54*E54 -> 0
A55: 3.2.4 | B55: Waterproof membrane to wet areas to Walls & floor | C55: 88 | D55: m2 | F55: =C55*E55 -> 0
B56: Skirting
A57: 3.2.5 | B57: 100mm high laminated skirting, and paint in PA.02 (Dulux Wash&Wear;+Plus Kitchen & Bathroom, Whisper White, SW1C2) | C57: 129 | D57: m | F57: =C57*E57 -> 0
B58: Doors
A59: 3.2.6 | B59: Paint to doors 2-sides in PA.02 (Dulux Wash&Wear;+Plus Kitchen & Bathroom, Whisper White, SW1C2) | C59: 13 | D59: no | F59: =C59*E59 -> 0
B60: TOTAL Wall Finishes/Painting | F60: =SUM(F50:F59) -> 0
A62: 3.3 | B62: Floor Finishes
B63: FLOOR FINISHES
B64: Preambles
B65: Floor tiling is assumed to extend beneath all new joinery units to allow for future removal or reconfiguration without requiring floor finishes to be replaced. | D65: note
B66: Any new screed required to achieve levels and falls is deemed to be included within the floor tiling rate. | D66: note
B67: Tiling
A68: 3.3.1 | B68: TI.03 - 300mm x 600mm x 9mm thick tiled flooring, supplied by EARP BROS, Moov Grey, with laticrete spectralock pro premium grout in sterling silver | C68: 121 | D68: m2 | F68: =C68*E68 -> 0
A69: 3.3.2 | B69: TI.04 to wet area - 300mm x 600mm x 9mm thick tiled flooring, supplied by EARP BROS, Moov Grey, with laticrete spectralock pro premium grout in sterling silver | C69: 16 | D69: m2 | F69: =C69*E69 -> 0
B70: Stair
A71: 3.3.3 | B71: Recessed stair nosing | C71: 12.8 | D71: m | F71: =C71*E71 -> 0
A72: 3.3.4 | B72: Re-finish the existing timber stairs landing, treads and rises | C72: 8 | D72: m2 | F72: =C72*E72 -> 0
B73: TOTAL Floor Finishes | F73: =SUM(F68:F72) -> 0
A75: 3.4 | B75: Ceiling Finishes
B76: CEILING FINISHES
B77: Preambles
B78: Finishes
A79: 3.4.1 | B79: Paint to all existing plasterboard ceilings for new 3-coat paint system PA.03 (Dulux Wash&Wear;+Plus Kitchen & Bathroom, Flat white, low sheen), including cleaning. mould treatment and eradication, minor repairs, sanding and priming as required. | C79: 156 | D79: m2 | F79: =C79*E79 -> 0
B80: TOTAL Ceiling Finishes | F80: =SUM(F79) -> 0
A82: 3.5 | B82: Door and Window
B83: DOOR AND WINDOWS
B84: Preambles
B85: Rates are deemed to include the supply and installation of all door hardware and all applied finishes. | D85: note
B86: Doors
A87: 3.5.1 | B87: Refurbishment of existing gate including all preparation, fixings, finishes, adjustments, and making good required to suit installation of new perforated metal screen (900mmW x 1250mmH) | C87: 1 | D87: no | F87: =C87*E87 -> 0
A88: 3.5.2 | B88: Adding new door seals and replacing existing door hardwares as per the door schedule | C88: 13 | D88: no | F88: =C88*E88 -> 0
A89: 3.5.3 | B89: Replacing the leaf finish of D04 to GL.01 new double glazing to match new double glazed windows | C89: 1 | D89: no | F89: =C89*E89 -> 0
B90: TOTAL Door and Window | F90: =SUM(F85:F89) -> 0
A92: 3.6 | B92: Joinery
B93: JOINERY
B94: Preamble
B95: Joinery unit rates are deemed to include the supply and installation of laminated benchtops and tiled splashbacks, complete, unless specifically noted otherwise in the documentation. | D95: note
B96: Robe unit rates are deemed to include the supply and installation of sliding mirrored doors, complete with tracks, guides, and associated fittings. | D96: note
B97: Joinery unit rates are deemed to include all hardware necessary for a complete and functional installation, including soft - close hinges, soft - close runners, fixings, and all incidental hardware. | D97: note
B98: Joinery unit rates are deemed to include all costs associated with delivery to site, handling, positioning, installation, and making good directly affected surfaces. | D98: note
B99: Kitchen
A100: 3.6.1 | B100: JO1a/b - comprising 880mm high under-bench cupboards and drawers, 800mm high overhead cupboards, pantry units and complete with 20mm stone benchtop including waterfall edge and tiled splashback | C100: 9.64 | D100: m | F100: =C100*E100 -> 0
B101: Laundry
A102: 3.6.2 | B102: JO2a/b – comprising 880mm high under-bench cupboards and drawers, full-height broom cupboard, 20mm solid surface benchtop, tiled splashback and overhead cupboards to washing machine side only. | C102: 4.2 | D102: m | F102: =C102*E102 -> 0
B103: Robes
A104: 3.6.3 | B104: JO5a – comprising full height built-in sliding door wardrobes to 2700 mm high with 4 panel door system, mirror behind, internal shelving and hanging rails. | C104: 2.98 | D104: m | F104: =C104*E104 -> 0
A105: 3.6.4 | B105: JO5b – comprising full height built-in sliding door wardrobes to 2700 mm high with 2 panel door system, mirror behind, internal shelving and hanging rails. | C105: 3.75 | D105: m | F105: =C105*E105 -> 0
B106: WIR
A107: 3.6.5 | B107: JO7a/b – comprising open walk-in robe joinery with full-height laminate carcass, adjustable shelving, drawer units and hanging rails. | C107: 2.68 | D107: m | F107: =C107*E107 -> 0
B108: Linen
A109: 3.6.6 | B109: JO6 – comprising full-height sliding door linen cupboard to 2700mm high with 3 panel door system, hang rail and shelving. | C109: 1.83 | D109: m | F109: =C109*E109 -> 0
B110: Mirror cabinet
...

Sheet H5
A1: DFAT PNG Housing - H5 - PTE
A3: Code | B3: Description | C3: Quantity | D3: UOM | E3: Rate | F3: Total
B5: BUILDING TYPES
A6: 4 | B6: H5
B8: 4 BEDROOM APARTMENT
A10: 4.1 | B10: Demolition
B11: DEMOLITION
B12: Preamble
B13: Rate include disposal of demolition debris | D13: note
B14: Protection
A15: 4.1.1 | B15: Protection of the existing doors and architrave during construction | C15: 15 | D15: no | F15: =C15*E15 -> 0
A16: 4.1.2 | B16: Remove/store the reusable items | C16: 1 | D16: Item | F16: =C16*E16 -> 0
B17: Services Protection
A18: 4.1.3 | B18: Terminating redundant services and capping of existing services including light switches, GPO's Data outlets, TV outlets | C18: 1 | D18: Item | F18: =C18*E18 -> 0
B19: Demolition
A20: 4.1.4 | B20: Removal and disposal of existing joinery and accessories | C20: 7 | D20: m | F20: =C20*E20 -> 0
A21: 4.1.5 | B21: Removal and disposal of existing partition | C21: 11 | D21: m2 | F21: =C21*E21 -> 0
A22: 4.1.6 | B22: Removal and disposal of plasterboard cladding in all existing wardrobes, and make good for new fibre cement sheet | C22: 35 | D22: m2 | F22: =C22*E22 -> 0
A23: 4.1.7 | B23: Removal and disposal of existing wardrobe | C23: 12 | D23: m | F23: =C23*E23 -> 0
A24: 4.1.8 | B24: Removal and disposal of existing door furniture | C24: 13 | D24: no | F24: =C24*E24 -> 0
A25: 4.1.9 | B25: Removal and disposal of existing stair treads, handrail & balustrade | C25: 9 | D25: m | F25: =C25*E25 -> 0
A26: 4.1.10 | B26: Removal and disposal of existing floor finishes | C26: 156 | D26: m2 | F26: =C26*E26 -> 0
A27: 4.1.11 | B27: Removal and disposal of existing shower base | C27: 2 | D27: no | F27: =C27*E27 -> 0
A28: 4.1.12 | B28: Removal and disposal of bath & toilet pan | C28: 1 | D28: item | F28: =C28*E28 -> 0
A29: 4.1.13 | B29: Removal and disposal of existing doors | C29: 1 | D29: no | F29: =C29*E29 -> 0
A30: 4.1.14 | B30: Removal and disposal existing wall tiling | C30: 88 | D30: m2 | F30: =C30*E30 -> 0
A31: 4.1.15 | B31: Removal and disposal internal distribution boards | C31: 1 | D31: no | F31: =C31*E31 -> 0
... A33: 4.1.17 | B33: Removal and disposal of all existing external perimeter windows and security grill including Making good of existing window flashing and DPC's | C33: 38 | D33: m2 | F33: =C33*E33 -> 0
B34: Miscellaneous
A35: 4.1.18 | B35: Removal and disposal of existing general power, wiring, smoke alarms and any other unmeasured items | C35: 1 | D35: Item | F35: =C35*E35 -> 0
A36: 4.1.19 | B36: Removal and disposal of existing lights | C36: 1 | D36: item | F36: =C36*E36 -> 0
A37: 4.1.20 | B37: Removal and disposal all existing ceiling fans, associated controls and make good ceiling | C37: 1 | D37: item | F37: =C37*E37 -> 0
A38: 4.1.21 | B38: All emergency key fittings to be removed | C38: 1 | D38: item | F38: =C38*E38 -> 0
B39: TOTAL Demolition | F39: =SUM(F15:F38) -> 0
A41: 4.2 | B41: Wall Finishes/Painting
B42: WALL FINISHES/PAINTING
B43: Preambles
B44: All existing internal walls to be repainted or retiled as applicable, following completion of all patching and surface preparation works. | D44: note
B45: Internal wall surfaces to be prepared to receive new finishes, including filling, sanding, and priming as required. | D45: note
B46: Ceiling painting is excluded from this section and is addressed under Ceiling Finishes | D46: note
B47: New skirting is assumed to be provided to all internal walls, except within wet areas where full-height or partial-height wall tiling is installed.
B48: Painting is assumed behind fixed and loose joinery unless noted otherwise. | D48: note
B49: No painting or refinishing works are included to external facade | D49: note
B50: Painting
A51: 4.2.1 | B51: Painting to wall in PA.01 with 3 coat (Dulux Wash&Wear;+Plus, Semigloss/Stain), allow patch to the existing wall | C51: 350 | D51: m2 | F51: =C51*E51 -> 0
B52: Tiling
A53: 4.2.2 | B53: TI.01 wall tiling to wet area - 300mm x 600mm Bright White Porcelain Tiles - Pressed Edge and patching to existing walls | C53: 71 | D53: m2 | F53: =C53*E53 -> 0
A54: 4.2.3 | B54: TI.05 wall tilling to kitchen & laundry - 296 x 297mm Kit Kat White Gloss Porcelain Tiles (Earp Bros or similar), patching to existing walls | C54: 6 | D54: m2 | F54: =C54*E54 -> 0
A55: 4.2.4 | B55: Waterproof membrane to wet areas to Walls & floor | C55: 94 | D55: m2 | F55: =C55*E55 -> 0
B56: Skirting
A57: 4.2.5 | B57: 100mm high laminated skirting, and paint in PA.02 (Dulux Wash&Wear;+Plus Kitchen & Bathroom, Whisper White, SW1C2) | C57: 126 | D57: m | F57: =C57*E57 -> 0
B58: Doors
A59: 4.2.6 | B59: Paint to doors 2-sides in PA.02 (Dulux Wash&Wear;+Plus Kitchen & Bathroom, Whisper White, SW1C2) | C59: 13 | D59: no | F59: =C59*E59 -> 0
B60: TOTAL Wall Finishes/Painting | F60: =SUM(F50:F59) -> 0
A62: 4.3 | B62: Floor Finishes
B63: FLOOR FINISHES
B64: Preambles
B65: Floor tiling is assumed to extend beneath all new joinery units to allow for future removal or reconfiguration without requiring floor finishes to be replaced. | D65: note
B66: Any new screed required to achieve levels and falls is deemed to be included within the floor tiling rate. | D66: note
B67: Tiling
A68: 4.3.1 | B68: TI.03 - 300mm x 600mm x 9mm thick tiled flooring, supplied by EARP BROS, Moov Grey, with laticrete spectralock pro premium grout in sterling silver | C68: 120 | D68: m2 | F68: =C68*E68 -> 0
A69: 4.3.2 | B69: TI.04 to wet area - 300mm x 600mm x 9mm thick tiled flooring, supplied by EARP BROS, Moov Grey, with laticrete spectralock pro premium grout in sterling silver | C69: 17 | D69: m2 | F69: =C69*E69 -> 0
B70: Stair
A71: 4.3.3 | B71: Recessed stair nosing | C71: 12.8 | D71: m | F71: =C71*E71 -> 0
A72: 4.3.4 | B72: Re-finish the existing timber stairs landing, treads and rises | C72: 8 | D72: m2 | F72: =C72*E72 -> 0
B73: TOTAL Floor Finishes | F73: =SUM(F68:F72) -> 0
A75: 4.4 | B75: Ceiling Finishes
B76: CEILING FINISHES
B77: Preambles
B78: Finishes
A79: 4.4.1 | B79: Paint to all existing plasterboard ceilings for new 3-coat paint system PA.03 (Dulux Wash&Wear;+Plus Kitchen & Bathroom, Flat white, low sheen), including cleaning. mould treatment and eradication, minor repairs, sanding and priming as required. | C79: 155 | D79: m2 | F79: =C79*E79 -> 0
B80: TOTAL Ceiling Finishes | F80: =SUM(F79) -> 0
A82: 4.5 | B82: Door and Window
B83: DOOR AND WINDOWS
B84: Preambles
B85: Rates are deemed to include the supply and installation of all door hardware and all applied finishes. | D85: note
B86: Doors
A87: 4.5.1 | B87: Refurbishment of existing gate including all preparation, fixings, finishes, adjustments, and making good required to suit installation of new perforated metal screen (900mmW x 1250mmH) | C87: 1 | D87: no | F87: =C87*E87 -> 0
A88: 4.5.2 | B88: Adding new door seals and replacing existing door hardwares as per the door schedule | C88: 13 | D88: no | F88: =C88*E88 -> 0
A89: 4.5.3 | B89: Replacing the leaf finish of D04 to GL.01 new double glazing to match new double glazed windows | C89: 1 | D89: no | F89: =C89*E89 -> 0
B90: TOTAL Door and Window | F90: =SUM(F85:F89) -> 0
A92: 4.6 | B92: Joinery
B93: JOINERY
B94: Preamble
B95: Joinery unit rates are deemed to include the supply and installation of laminated benchtops and tiled splashbacks, complete, unless specifically noted otherwise in the documentation. | D95: note
B96: Robe unit rates are deemed to include the supply and installation of sliding mirrored doors, complete with tracks, guides, and associated fittings. | D96: note
B97: Joinery unit rates are deemed to include all hardware necessary for a complete and functional installation, including soft - close hinges, soft - close runners, fixings, and all incidental hardware. | D97: note
B98: Joinery unit rates are deemed to include all costs associated with delivery to site, handling, positioning, installation, and making good directly affected surfaces. | D98: note
B99: Kitchen
A100: 4.6.1 | B100: JO1a/b - comprising 880mm high under-bench cupboards and drawers, 800mm high overhead cupboards, pantry units and complete with 20mm stone benchtop including waterfall edge and tiled splashback | C100: 9.64 | D100: m | F100: =C100*E100 -> 0
B101: Laundry
A102: 4.6.2 | B102: JO2a/b – comprising 880mm high under-bench cupboards and drawers, full-height broom cupboard, 20mm solid surface benchtop, tiled splashback and overhead cupboards to washing machine side only. | C102: 4.2 | D102: m | F102: =C102*E102 -> 0
B103: Robes
A104: 4.6.3 | B104: JO5a – comprising full height built-in sliding door wardrobes to 2700 mm high with 4 panel door system, mirror behind, internal shelving and hanging rails. | C104: 5.99 | D104: m | F104: =C104*E104 -> 0
A105: 4.6.4 | B105: JO5b – comprising full height built-in sliding door wardrobes to 2700 mm high with 2 panel door system, mirror behind, internal shelving and hanging rails. | C105: 1.46 | D105: m | F105: =C105*E105 -> 0
B106: WIR
A107: 4.6.5 | B107: JO7a/b – comprising open walk-in robe joinery with full-height laminate carcass, adjustable shelving, drawer units and hanging rails. | C107: 2.68 | D107: m | F107: =C107*E107 -> 0
B108: Linen
A109: 4.6.6 | B109: JO6 – comprising full-height sliding door linen cupboard to 2700mm high with 3 panel door system, hang rail and shelving. | C109: 1.83 | D109: m | F109: =C109*E109 -> 0
B110: Mirror cabinet
...

Sheet H6
A1: DFAT PNG Housing - H6 - PTE
A3: Code | B3: Description | C3: Quantity | D3: UOM | E3: Rate | F3: Total
B5: BUILDING TYPES
A6: 5 | B6: H6
B8: 4 BEDROOM APARTMENT
A10: 5.1 | B10: Demolition
B11: DEMOLITION
B12: Preamble
B13: Rate include disposal of demolition debris | D13: note
B14: Protection
A15: 5.1.1 | B15: Protection of the existing doors and architrave during construction | C15: 15 | D15: no | F15: =C15*E15 -> 0
A16: 5.1.2 | B16: Remove/store the reusable items | C16: 1 | D16: Item | F16: =C16*E16 -> 0
B17: Services Protection
A18: 5.1.3 | B18: Terminating redundant services and capping of existing services including light switches, GPO's Data outlets, TV outlets | C18: 1 | D18: Item | F18: =C18*E18 -> 0
B19: Demolition
A20: 5.1.4 | B20: Removal and disposal of existing joinery and accessories | C20: 7 | D20: m | F20: =C20*E20 -> 0
A21: 5.1.5 | B21: Removal and disposal of existing partition | C21: 7 | D21: m2 | F21: =C21*E21 -> 0
A22: 5.1.6 | B22: Removal and disposal of plasterboard cladding in all existing wardrobes, and make good for new fibre cement sheet | C22: 40 | D22: m2 | F22: =C22*E22 -> 0
A23: 5.1.7 | B23: Removal and disposal of existing wardrobe | C23: 11 | D23: m | F23: =C23*E23 -> 0
A24: 5.1.8 | B24: Removal and disposal of existing door furniture | C24: 13 | D24: no | F24: =C24*E24 -> 0
A25: 5.1.9 | B25: Removal and disposal of existing stair treads, handrail & balustrade | C25: 9 | D25: m | F25: =C25*E25 -> 0
A26: 5.1.10 | B26: Removal and disposal of existing floor finishes | C26: 151 | D26: m2 | F26: =C26*E26 -> 0
A27: 5.1.11 | B27: Removal and disposal of existing shower base | C27: 2 | D27: no | F27: =C27*E27 -> 0
A28: 5.1.12 | B28: Removal and disposal of bath & toilet pan | C28: 1 | D28: item | F28: =C28*E28 -> 0
A29: 5.1.13 | B29: Removal and disposal of existing doors | C29: 1 | D29: no | F29: =C29*E29 -> 0
A30: 5.1.14 | B30: Removal and disposal existing wall tiling | C30: 69 | D30: m2 | F30: =C30*E30 -> 0
A31: 5.1.15 | B31: Removal and disposal internal distribution boards | C31: 1 | D31: no | F31: =C31*E31 -> 0
... A33: 5.1.17 | B33: Removal and disposal of all existing external perimeter windows and security grill including Making good of existing window flashing and DPC's | C33: 41 | D33: m2 | F33: =C33*E33 -> 0
B34: Miscellaneous
A35: 5.1.18 | B35: Removal and disposal of existing general power, wiring, smoke alarms and any other unmeasured items | C35: 1 | D35: Item | F35: =C35*E35 -> 0
A36: 5.1.19 | B36: Removal and disposal of existing lights | C36: 1 | D36: item | F36: =C36*E36 -> 0
A37: 5.1.20 | B37: Removal and disposal all existing ceiling fans, associated controls and make good ceiling | C37: 1 | D37: item | F37: =C37*E37 -> 0
A38: 5.1.21 | B38: All emergency key fittings to be removed | C38: 1 | D38: item | F38: =C38*E38 -> 0
B39: TOTAL Demolition | F39: =SUM(F15:F38) -> 0
A41: 5.2 | B41: Wall Finishes/Painting
B42: WALL FINISHES/PAINTING
B43: Preambles
B44: All existing internal walls to be repainted or retiled as applicable, following completion of all patching and surface preparation works. | D44: note
B45: Internal wall surfaces to be prepared to receive new finishes, including filling, sanding, and priming as required. | D45: note
B46: Ceiling painting is excluded from this section and is addressed under Ceiling Finishes | D46: note
B47: New skirting is assumed to be provided to all internal walls, except within wet areas where full-height or partial-height wall tiling is installed.
B48: Painting is assumed behind fixed and loose joinery unless noted otherwise. | D48: note
B49: No painting or refinishing works are included to external facade | D49: note
B50: Painting
A51: 5.2.1 | B51: Painting to wall in PA.01 with 3 coat (Dulux Wash&Wear;+Plus, Semigloss/Stain), allow patch to the existing wall | C51: 359 | D51: m2 | F51: =C51*E51 -> 0
B52: Tiling
A53: 5.2.2 | B53: TI.01 wall tiling to wet area - 300mm x 600mm Bright White Porcelain Tiles - Pressed Edge and patching to existing walls | C53: 66 | D53: m2 | F53: =C53*E53 -> 0
A54: 5.2.3 | B54: TI.05 wall tilling to kitchen & laundry - 296 x 297mm Kit Kat White Gloss Porcelain Tiles (Earp Bros or similar), patching to existing walls | C54: 6 | D54: m2 | F54: =C54*E54 -> 0
A55: 5.2.4 | B55: Waterproof membrane to wet areas to Walls & floor | C55: 88 | D55: m2 | F55: =C55*E55 -> 0
B56: Skirting
A57: 5.2.5 | B57: 100mm high laminated skirting, and paint in PA.02 (Dulux Wash&Wear;+Plus Kitchen & Bathroom, Whisper White, SW1C2) | C57: 130 | D57: m | F57: =C57*E57 -> 0
B58: Doors
A59: 5.2.6 | B59: Paint to doors 2-sides in PA.02 (Dulux Wash&Wear;+Plus Kitchen & Bathroom, Whisper White, SW1C2) | C59: 13 | D59: no | F59: =C59*E59 -> 0
B60: TOTAL Wall Finishes/Painting | F60: =SUM(F50:F59) -> 0
A62: 5.3 | B62: Floor Finishes
B63: FLOOR FINISHES
B64: Preambles
B65: Floor tiling is assumed to extend beneath all new joinery units to allow for future removal or reconfiguration without requiring floor finishes to be replaced. | D65: note
B66: Any new screed required to achieve levels and falls is deemed to be included within the floor tiling rate. | D66: note
B67: Tiling
A68: 5.3.1 | B68: TI.03 - 300mm x 600mm x 9mm thick tiled flooring, supplied by EARP BROS, Moov Grey, with laticrete spectralock pro premium grout in sterling silver | C68: 126 | D68: m2 | F68: =C68*E68 -> 0
A69: 5.3.2 | B69: TI.04 to wet area - 300mm x 600mm x 9mm thick tiled flooring, supplied by EARP BROS, Moov Grey, with laticrete spectralock pro premium grout in sterling silver | C69: 16 | D69: m2 | F69: =C69*E69 -> 0
B70: Stair
A71: 5.3.3 | B71: Recessed stair nosing | C71: 12.8 | D71: m | F71: =C71*E71 -> 0
A72: 5.3.4 | B72: Re-finish the existing timber stairs landing, treads and rises | C72: 8 | D72: m2 | F72: =C72*E72 -> 0
B73: TOTAL Floor Finishes | F73: =SUM(F68:F72) -> 0
A75: 5.4 | B75: Ceiling Finishes
B76: CEILING FINISHES
B77: Preambles
B78: Finishes
A79: 5.4.1 | B79: Paint to all existing plasterboard ceilings for new 3-coat paint system PA.03 (Dulux Wash&Wear;+Plus Kitchen & Bathroom, Flat white, low sheen), including cleaning. mould treatment and eradication, minor repairs, sanding and priming as required. | C79: 161 | D79: m2 | F79: =C79*E79 -> 0
B80: TOTAL Ceiling Finishes | F80: =SUM(F79) -> 0
A82: 5.5 | B82: Door and Window
B83: DOOR AND WINDOWS
B84: Preambles
B85: Rates are deemed to include the supply and installation of all door hardware and all applied finishes. | D85: note
B86: Doors
A87: 5.5.1 | B87: Refurbishment of existing gate including all preparation, fixings, finishes, adjustments, and making good required to suit installation of new perforated metal screen (900mmW x 1250mmH) | C87: 1 | D87: no | F87: =C87*E87 -> 0
A88: 5.5.2 | B88: Adding new door seals and replacing existing door hardwares as per the door schedule | C88: 13 | D88: no | F88: =C88*E88 -> 0
A89: 5.5.3 | B89: Replacing the leaf finish of D04 to GL.01 new double glazing to match new double glazed windows | C89: 1 | D89: no | F89: =C89*E89 -> 0
B90: TOTAL Door and Window | F90: =SUM(F85:F89) -> 0
A92: 5.6 | B92: Joinery
B93: JOINERY
B94: Preamble
B95: Joinery unit rates are deemed to include the supply and installation of laminated benchtops and tiled splashbacks, complete, unless specifically noted otherwise in the documentation. | D95: note
B96: Robe unit rates are deemed to include the supply and installation of sliding mirrored doors, complete with tracks, guides, and associated fittings. | D96: note
B97: Joinery unit rates are deemed to include all hardware necessary for a complete and functional installation, including soft - close hinges, soft - close runners, fixings, and all incidental hardware. | D97: note
B98: Joinery unit rates are deemed to include all costs associated with delivery to site, handling, positioning, installation, and making good directly affected surfaces. | D98: note
B99: Kitchen
A100: 5.6.1 | B100: JO1a/b - comprising 880mm high under-bench cupboards and drawers, 800mm high overhead cupboards, pantry units and complete with 20mm stone benchtop including waterfall edge and tiled splashback | C100: 9.64 | D100: m | F100: =C100*E100 -> 0
B101: Laundry
A102: 5.6.2 | B102: JO2a/b – comprising 880mm high under-bench cupboards and drawers, full-height broom cupboard, 20mm solid surface benchtop, tiled splashback and overhead cupboards to washing machine side only. | C102: 4.2 | D102: m | F102: =C102*E102 -> 0
B103: Robes
A104: 5.6.3 | B104: JO5a – comprising full height built-in sliding door wardrobes to 2700 mm high with 4 panel door system, mirror behind, internal shelving and hanging rails. | C104: 2.98 | D104: m | F104: =C104*E104 -> 0
A105: 5.6.4 | B105: JO5b – comprising full height built-in sliding door wardrobes to 2700 mm high with 2 panel door system, mirror behind, internal shelving and hanging rails. | C105: 3.75 | D105: m | F105: =C105*E105 -> 0
B106: WIR
A107: 5.6.5 | B107: JO7a/b – comprising open walk-in robe joinery with full-height laminate carcass, adjustable shelving, drawer units and hanging rails. | C107: 2.68 | D107: m | F107: =C107*E107 -> 0
B108: Linen
A109: 5.6.6 | B109: JO6 – comprising full-height sliding door linen cupboard to 2700mm high with 3 panel door system, hang rail and shelving. | C109: 1.83 | D109: m | F109: =C109*E109 -> 0
B110: Mirror cabinet
...

Sheet H9, H11
A1: DFAT PNG Housing - H9, H11 - PTE
A3: Code | B3: Description | C3: Quantity | D3: UOM | E3: Rate | F3: Total
B5: BUILDING TYPES
A6: 6 | B6: H9, H11
B8: 4 BEDROOM APARTMENT
A10: 6.1 | B10: Demolition
B11: DEMOLITION
B12: Preamble
B13: Rate include disposal of demolition debris | D13: note
B14: Protection
A15: 6.1.1 | B15: Protection of the existing doors and architrave during construction | C15: 15 | D15: no | F15: =C15*E15 -> 0
A16: 6.1.2 | B16: Remove/store the reusable items | C16: 1 | D16: Item | F16: =C16*E16 -> 0
B17: Services Protection
A18: 6.1.3 | B18: Terminating redundant services and capping of existing services including light switches, GPO's Data outlets, TV outlets | C18: 1 | D18: Item | F18: =C18*E18 -> 0
B19: Demolition
A20: 6.1.4 | B20: Removal and disposal of existing joinery and accessories | C20: 7 | D20: m | F20: =C20*E20 -> 0
A21: 6.1.5 | B21: Removal and disposal of existing partition | C21: 7 | D21: m2 | F21: =C21*E21 -> 0
A22: 6.1.6 | B22: Removal and disposal of plasterboard cladding in all existing wardrobes, and make good for new fibre cement sheet | C22: 44 | D22: m2 | F22: =C22*E22 -> 0
A23: 6.1.7 | B23: Removal and disposal of existing wardrobe | C23: 11 | D23: m | F23: =C23*E23 -> 0
A24: 6.1.8 | B24: Removal and disposal of existing door furniture | C24: 13 | D24: no | F24: =C24*E24 -> 0
A25: 6.1.9 | B25: Removal and disposal of existing stair treads, handrail & balustrade | C25: 9 | D25: m | F25: =C25*E25 -> 0
A26: 6.1.10 | B26: Removal and disposal of existing floor finishes | C26: 151 | D26: m2 | F26: =C26*E26 -> 0
A27: 6.1.11 | B27: Removal and disposal of existing shower base | C27: 2 | D27: no | F27: =C27*E27 -> 0
A28: 6.1.12 | B28: Removal and disposal of bath & toilet pan | C28: 1 | D28: item | F28: =C28*E28 -> 0
A29: 6.1.13 | B29: Removal and disposal of existing doors | C29: 1 | D29: no | F29: =C29*E29 -> 0
A30: 6.1.14 | B30: Removal and disposal existing wall tiling | C30: 69 | D30: m2 | F30: =C30*E30 -> 0
A31: 6.1.15 | B31: Removal and disposal internal distribution boards | C31: 1 | D31: no | F31: =C31*E31 -> 0
... A33: 6.1.17 | B33: Removal and disposal of all existing external perimeter windows and security grill including Making good of existing window flashing and DPC's | C33: 44 | D33: m2 | F33: =C33*E33 -> 0
B34: Miscellaneous
A35: 6.1.18 | B35: Removal and disposal of existing general power, wiring, smoke alarms and any other unmeasured items | C35: 1 | D35: Item | F35: =C35*E35 -> 0
A36: 6.1.19 | B36: Removal and disposal of existing lights | C36: 1 | D36: item | F36: =C36*E36 -> 0
A37: 6.1.20 | B37: Removal and disposal all existing ceiling fans, associated controls and make good ceiling | C37: 1 | D37: item | F37: =C37*E37 -> 0
A38: 6.1.21 | B38: All emergency key fittings to be removed | C38: 1 | D38: item | F38: =C38*E38 -> 0
B39: TOTAL Demolition | F39: =SUM(F15:F38) -> 0
A41: 6.2 | B41: Wall Finishes/Painting
B42: WALL FINISHES/PAINTING
B43: Preambles
B44: All existing internal walls to be repainted or retiled as applicable, following completion of all patching and surface preparation works. | D44: note
B45: Internal wall surfaces to be prepared to receive new finishes, including filling, sanding, and priming as required. | D45: note
B46: Ceiling painting is excluded from this section and is addressed under Ceiling Finishes | D46: note
B47: New skirting is assumed to be provided to all internal walls, except within wet areas where full-height or partial-height wall tiling is installed.
B48: Painting is assumed behind fixed and loose joinery unless noted otherwise. | D48: note
B49: No painting or refinishing works are included to external facade | D49: note
B50: Painting
A51: 6.2.1 | B51: Painting to wall in PA.01 with 3 coat (Dulux Wash&Wear;+Plus, Semigloss/Stain), allow patch to the existing wall | C51: 356 | D51: m2 | F51: =C51*E51 -> 0
B52: Tiling
A53: 6.2.2 | B53: TI.01 wall tiling to wet area - 300mm x 600mm Bright White Porcelain Tiles - Pressed Edge and patching to existing walls | C53: 66 | D53: m2 | F53: =C53*E53 -> 0
A54: 6.2.3 | B54: TI.05 wall tilling to kitchen & laundry - 296 x 297mm Kit Kat White Gloss Porcelain Tiles (Earp Bros or similar), patching to existing walls | C54: 6 | D54: m2 | F54: =C54*E54 -> 0
A55: 6.2.4 | B55: Waterproof membrane to wet areas to Walls & floor | C55: 90 | D55: m2 | F55: =C55*E55 -> 0
B56: Skirting | F56: =C56*E56 -> 0
A57: 6.2.5 | B57: 100mm high laminated skirting, and paint in PA.02 (Dulux Wash&Wear;+Plus Kitchen & Bathroom, Whisper White, SW1C2) | C57: 130 | D57: m
B58: Doors | F58: =C58*E58 -> 0
A59: 6.2.6 | B59: Paint to doors 2-sides in PA.02 (Dulux Wash&Wear;+Plus Kitchen & Bathroom, Whisper White, SW1C2) | C59: 13 | D59: no
B60: TOTAL Wall Finishes/Painting | F60: =C60*E60 -> 0
F61: =SUM(F51:F60) -> 0
A62: 6.3 | B62: Floor Finishes
B63: FLOOR FINISHES
B64: Preambles
B65: Floor tiling is assumed to extend beneath all new joinery units to allow for future removal or reconfiguration without requiring floor finishes to be replaced. | D65: note
B66: Any new screed required to achieve levels and falls is deemed to be included within the floor tiling rate. | D66: note
B67: General
A68: 6.3.1 | B68: TI.03 - 300mm x 600mm x 9mm thick tiled flooring, supplied by EARP BROS, Moov Grey, with laticrete spectralock pro premium grout in sterling silver | C68: 126 | D68: m2 | F68: =C68*E68 -> 0
A69: 6.3.2 | B69: TI.04 to wet area - 300mm x 600mm x 9mm thick tiled flooring, supplied by EARP BROS, Moov Grey, with laticrete spectralock pro premium grout in sterling silver | C69: 18 | D69: m2 | F69: =C69*E69 -> 0
B70: Stair
A71: 6.3.3 | B71: Recessed stair nosing | C71: 12.8 | D71: m | F71: =C71*E71 -> 0
A72: 6.3.4 | B72: Re-finish the existing timber stairs landing, treads and rises | C72: 8 | D72: m2 | F72: =C72*E72 -> 0
B73: TOTAL Floor Finishes | F73: =SUM(F68:F72) -> 0
A75: 6.4 | B75: Ceiling Finishes
B76: CEILING FINISHES
B77: Preambles
B78: Finishes
A79: 6.4.1 | B79: Paint to all existing plasterboard ceilings for new 3-coat paint system PA.03 (Dulux Wash&Wear;+Plus Kitchen & Bathroom, Flat white, low sheen), including cleaning. mould treatment and eradication, minor repairs, sanding and priming as required. | C79: 160 | D79: m2 | F79: =C79*E79 -> 0
B80: TOTAL Ceiling Finishes | F80: =SUM(F79) -> 0
A82: 6.5 | B82: Door and Window
B83: DOOR AND WINDOWS
B84: Preambles
B85: Rates are deemed to include the supply and installation of all door hardware and all applied finishes. | D85: note
B86: Doors
A87: 6.5.1 | B87: Refurbishment of existing gate including all preparation, fixings, finishes, adjustments, and making good required to suit installation of new perforated metal screen (900mmW x 1250mmH) | C87: 1 | D87: no | F87: =C87*E87 -> 0
A88: 6.5.2 | B88: Adding new door seals and replacing existing door hardwares as per the door schedule | C88: 13 | D88: no | F88: =C88*E88 -> 0
A89: 6.5.3 | B89: Replacing the leaf finish of D04 to GL.01 new double glazing to match new double glazed windows | C89: 1 | D89: no | F89: =C89*E89 -> 0
B90: TOTAL Door and Window | F90: =SUM(F85:F89) -> 0
A92: 6.6 | B92: Joinery
B93: JOINERY
B94: Preamble
B95: Joinery unit rates are deemed to include the supply and installation of laminated benchtops and tiled splashbacks, complete, unless specifically noted otherwise in the documentation. | D95: note
B96: Robe unit rates are deemed to include the supply and installation of sliding mirrored doors, complete with tracks, guides, and associated fittings. | D96: note
B97: Joinery unit rates are deemed to include all hardware necessary for a complete and functional installation, including soft - close hinges, soft - close runners, fixings, and all incidental hardware. | D97: note
B98: Joinery unit rates are deemed to include all costs associated with delivery to site, handling, positioning, installation, and making good directly affected surfaces. | D98: note
B99: Kitchen
A100: 6.6.1 | B100: JO1a/b - comprising 880mm high under-bench cupboards and drawers, 800mm high overhead cupboards, pantry units and complete with 20mm stone benchtop including waterfall edge and tiled splashback | C100: 9.64 | D100: m | F100: =C100*E100 -> 0
B101: Laundry
A102: 6.6.2 | B102: JO2a/b – comprising 880mm high under-bench cupboards and drawers, full-height broom cupboard, 20mm solid surface benchtop, tiled splashback and overhead cupboards to washing machine side only. | C102: 4.2 | D102: m | F102: =C102*E102 -> 0
B103: Robes
A104: 6.6.3 | B104: JO5a – comprising full height built-in sliding door wardrobes to 2700 mm high with 4 panel door system, mirror behind, internal shelving and hanging rails. | C104: 2.98 | D104: m | F104: =C104*E104 -> 0
A105: 6.6.4 | B105: JO5b – comprising full height built-in sliding door wardrobes to 2700 mm high with 2 panel door system, mirror behind, internal shelving and hanging rails. | C105: 3.75 | D105: m | F105: =C105*E105 -> 0
B106: WIR
A107: 6.6.5 | B107: JO7a/b – comprising open walk-in robe joinery with full-height laminate carcass, adjustable shelving, drawer units and hanging rails. | C107: 2.68 | D107: m | F107: =C107*E107 -> 0
B108: Linen
A109: 6.6.6 | B109: JO6 – comprising full-height sliding door linen cupboard to 2700mm high with 3 panel door system, hang rail and shelving. | C109: 1.83 | D109: m | F109: =C109*E109 -> 0
...

Sheet H10, H12
A1: DFAT PNG Housing - H10, H12 - PTE
A3: Code | B3: Description | C3: Quantity | D3: UOM | E3: Rate | F3: Total
B5: BUILDING TYPES
A6: 7 | B6: H10, H12
B8: 4 BEDROOM APARTMENT
A10: 7.1 | B10: Demolition
B11: DEMOLITION
B12: Preamble
B13: Rate include disposal of demolition debris | D13: note
B14: Protection
A15: 7.1.1 | B15: Protection of the existing doors and architrave during construction | C15: 15 | D15: no | F15: =C15*E15 -> 0
A16: 7.1.2 | B16: Remove/store the reusable items | C16: 1 | D16: Item | F16: =C16*E16 -> 0
B17: Services Protection
A18: 7.1.3 | B18: Terminating redundant services and capping of existing services including light switches, GPO's Data outlets, TV outlets | C18: 1 | D18: Item | F18: =C18*E18 -> 0
B19: Demolition
A20: 7.1.4 | B20: Removal and disposal of existing joinery and accessories | C20: 7 | D20: m | F20: =C20*E20 -> 0
A21: 7.1.5 | B21: Removal and disposal of existing partition | C21: 9 | D21: m2 | F21: =C21*E21 -> 0
A22: 7.1.6 | B22: Removal and disposal of plasterboard cladding in all existing wardrobes, and make good for new fibre cement sheet | C22: 36 | D22: m2 | F22: =C22*E22 -> 0
A23: 7.1.7 | B23: Removal and disposal of existing wardrobe | C23: 12 | D23: m | F23: =C23*E23 -> 0
A24: 7.1.8 | B24: Removal and disposal of existing door furniture | C24: 13 | D24: no | F24: =C24*E24 -> 0
A25: 7.1.9 | B25: Removal and disposal of existing stair treads, handrail & balustrade | C25: 9 | D25: m | F25: =C25*E25 -> 0
A26: 7.1.10 | B26: Removal and disposal of existing floor finishes | C26: 161 | D26: m2 | F26: =C26*E26 -> 0
A27: 7.1.11 | B27: Removal and disposal of existing shower base | C27: 2 | D27: no | F27: =C27*E27 -> 0
A28: 7.1.12 | B28: Removal and disposal of bath & toilet pan | C28: 1 | D28: item | F28: =C28*E28 -> 0
A29: 7.1.13 | B29: Removal and disposal of existing doors | C29: 1 | D29: no | F29: =C29*E29 -> 0
A30: 7.1.14 | B30: Removal and disposal existing wall tiling | C30: 72 | D30: m2 | F30: =C30*E30 -> 0
A31: 7.1.15 | B31: Removal and disposal internal distribution boards | C31: 1 | D31: no | F31: =C31*E31 -> 0
... A33: 7.1.17 | B33: Removal and disposal of all existing external perimeter windows and security grill including Making good of existing window flashing and DPC's | C33: 27 | D33: m2 | F33: =C33*E33 -> 0
B34: Miscellaneous
A35: 7.1.18 | B35: Removal and disposal of existing general power, wiring, smoke alarms and any other unmeasured items | C35: 1 | D35: Item | F35: =C35*E35 -> 0
A36: 7.1.19 | B36: Removal and disposal of existing lights | C36: 1 | D36: item | F36: =C36*E36 -> 0
A37: 7.1.20 | B37: Removal and disposal all existing ceiling fans, associated controls and make good ceiling | C37: 1 | D37: item | F37: =C37*E37 -> 0
A38: 7.1.21 | B38: All emergency key fittings to be removed | C38: 1 | D38: item | F38: =C38*E38 -> 0
B39: TOTAL Demolition | F39: =SUM(F15:F38) -> 0
A41: 7.2 | B41: Wall Finishes/Painting
B42: WALL FINISHES/PAINTING
B43: Preambles
B44: All existing internal walls to be repainted or retiled as applicable, following completion of all patching and surface preparation works. | D44: note
B45: Internal wall surfaces to be prepared to receive new finishes, including filling, sanding, and priming as required. | D45: note
B46: Ceiling painting is excluded from this section and is addressed under Ceiling Finishes | D46: note
B47: New skirting is assumed to be provided to all internal walls, except within wet areas where full-height or partial-height wall tiling is installed.
B48: Painting is assumed behind fixed and loose joinery unless noted otherwise. | D48: note
B49: No painting or refinishing works are included to external facade | D49: note
B50: Painting
A51: 7.2.1 | B51: Painting to wall in PA.01 with 3 coat (Dulux Wash&Wear;+Plus, Semigloss/Stain), allow patch to the existing wall | C51: 370 | D51: m2 | F51: =C51*E51 -> 0
B52: Tiling
A53: 7.2.2 | B53: TI.01 wall tiling to wet area - 300mm x 600mm Bright White Porcelain Tiles - Pressed Edge and patching to existing walls | C53: 71 | D53: m2 | F53: =C53*E53 -> 0
A54: 7.2.3 | B54: TI.05 wall tilling to kitchen & laundry - 296 x 297mm Kit Kat White Gloss Porcelain Tiles (Earp Bros or similar), patching to existing walls | C54: 6 | D54: m2 | F54: =C54*E54 -> 0
A55: 7.2.4 | B55: Waterproof membrane to wet areas to Walls & floor | C55: 93 | D55: m2 | F55: =C55*E55 -> 0
B56: Skirting
A57: 7.2.5 | B57: 100mm high laminated skirting, and paint in PA.02 (Dulux Wash&Wear;+Plus Kitchen & Bathroom, Whisper White, SW1C2) | C57: 129 | D57: m | F57: =C57*E57 -> 0
B58: Doors
A59: 7.2.6 | B59: Paint to doors 2-sides in PA.02 (Dulux Wash&Wear;+Plus Kitchen & Bathroom, Whisper White, SW1C2) | C59: 13 | D59: no | F59: =C59*E59 -> 0
B60: TOTAL Wall Finishes/Painting | F60: =SUM(F50:F59) -> 0
A62: 7.3 | B62: Floor Finishes
B63: FLOOR FINISHES
B64: Preambles
B65: Floor tiling is assumed to extend beneath all new joinery units to allow for future removal or reconfiguration without requiring floor finishes to be replaced. | D65: note
B66: Any new screed required to achieve levels and falls is deemed to be included within the floor tiling rate. | D66: note
B67: Tiling
A68: 7.3.1 | B68: TI.03 - 300mm x 600mm x 9mm thick tiled flooring, supplied by EARP BROS, Moov Grey, with laticrete spectralock pro premium grout in sterling silver | C68: 124 | D68: m2 | F68: =C68*E68 -> 0
A69: 7.3.2 | B69: TI.04 to wet area - 300mm x 600mm x 9mm thick tiled flooring, supplied by EARP BROS, Moov Grey, with laticrete spectralock pro premium grout in sterling silver | C69: 16 | D69: m2 | F69: =C69*E69 -> 0
B70: Stair
A71: 7.3.3 | B71: Recessed stair nosing | C71: 12.8 | D71: m | F71: =C71*E71 -> 0
A72: 7.3.4 | B72: Re-finish the existing timber stairs landing, treads and rises | C72: 8 | D72: m2 | F72: =C72*E72 -> 0
B73: TOTAL Floor Finishes | F73: =SUM(F68:F72) -> 0
A75: 7.4 | B75: Ceiling Finishes
B76: CEILING FINISHES
B77: Preambles
B78: Finishes
A79: 7.4.1 | B79: Paint to all existing plasterboard ceilings for new 3-coat paint system PA.03 (Dulux Wash&Wear;+Plus Kitchen & Bathroom, Flat white, low sheen), including cleaning. mould treatment and eradication, minor repairs, sanding and priming as required. | C79: 160 | D79: m2 | F79: =C79*E79 -> 0
B80: TOTAL Ceiling Finishes | F80: =SUM(F79) -> 0
A82: 7.5 | B82: Door and Window
B83: DOOR AND WINDOWS
B84: Preambles
B85: Rates are deemed to include the supply and installation of all door hardware and all applied finishes. | D85: note
B86: Doors
A87: 7.5.1 | B87: Refurbishment of existing gate including all preparation, fixings, finishes, adjustments, and making good required to suit installation of new perforated metal screen (900mmW x 1250mmH) | C87: 1 | D87: no | F87: =C87*E87 -> 0
A88: 7.5.2 | B88: Adding new door seals and replacing existing door hardwares as per the door schedule | C88: 13 | D88: no | F88: =C88*E88 -> 0
A89: 7.5.3 | B89: Replacing the leaf finish of D04 to GL.01 new double glazing to match new double glazed windows | C89: 1 | D89: no | F89: =C89*E89 -> 0
B90: TOTAL Door and Window | F90: =SUM(F85:F89) -> 0
A92: 7.6 | B92: Joinery
B93: JOINERY
B94: Preamble
B95: Joinery unit rates are deemed to include the supply and installation of laminated benchtops and tiled splashbacks, complete, unless specifically noted otherwise in the documentation. | D95: note
B96: Robe unit rates are deemed to include the supply and installation of sliding mirrored doors, complete with tracks, guides, and associated fittings. | D96: note
B97: Joinery unit rates are deemed to include all hardware necessary for a complete and functional installation, including soft - close hinges, soft - close runners, fixings, and all incidental hardware. | D97: note
B98: Joinery unit rates are deemed to include all costs associated with delivery to site, handling, positioning, installation, and making good directly affected surfaces. | D98: note
B99: Kitchen
A100: 7.6.1 | B100: JO1a/b - comprising 880mm high under-bench cupboards and drawers, 800mm high overhead cupboards, pantry units and complete with 20mm stone benchtop including waterfall edge and tiled splashback | C100: 9.64 | D100: m | F100: =C100*E100 -> 0
B101: Laundry
A102: 7.6.2 | B102: JO2a/b – comprising 880mm high under-bench cupboards and drawers, full-height broom cupboard, 20mm solid surface benchtop, tiled splashback and overhead cupboards to washing machine side only. | C102: 4.2 | D102: m | F102: =C102*E102 -> 0
B103: Robes
A104: 7.6.3 | B104: JO5a – comprising full height built-in sliding door wardrobes to 2700 mm high with 4 panel door system, mirror behind, internal shelving and hanging rails. | C104: 5.96 | D104: m | F104: =C104*E104 -> 0
A105: 7.6.4 | B105: JO5b – comprising full height built-in sliding door wardrobes to 2700 mm high with 2 panel door system, mirror behind, internal shelving and hanging rails. | C105: 1.48 | D105: m | F105: =C105*E105 -> 0
B106: WIR
A107: 7.6.5 | B107: JO7a/b – comprising open walk-in robe joinery with full-height laminate carcass, adjustable shelving, drawer units and hanging rails. | C107: 2.68 | D107: m | F107: =C107*E107 -> 0
B108: Linen
A109: 7.6.6 | B109: JO6 – comprising full-height sliding door linen cupboard to 2700mm high with 3 panel door system, hang rail and shelving. | C109: 1.83 | D109: m | F109: =C109*E109 -> 0
B110: Mirror cabinet
...

Sheet H13, H16, H35
A1: DFAT PNG Housing - H13, H16, H35 - PTE
A3: Code | B3: Description | C3: Quantity | D3: UOM | E3: Rate | F3: Total
B5: BUILDING TYPES
A6: 8 | B6: H13, H16, H35
B8: 3 BEDROOM APARTMENT
A10: 8.1 | B10: Demolition
B11: DEMOLITION
B12: Preamble
B13: Rate include disposal of demolition debris | D13: note
B14: Protection
A15: 8.1.1 | B15: Protection of the existing doors and architrave during construction | C15: 14 | D15: no | F15: =C15*E15 -> 0
A16: 8.1.2 | B16: Remove/store the reusable items | C16: 1 | D16: Item | F16: =C16*E16 -> 0
B17: Services Protection
A18: 8.1.3 | B18: Terminating redundant services and capping of existing services including light switches, GPO's Data outlets, TV outlets | C18: 1 | D18: Item | F18: =C18*E18 -> 0
B19: Demolition
A20: 8.1.4 | B20: Removal and disposal of existing joinery and accessories | C20: 9 | D20: m | F20: =C20*E20 -> 0
A21: 8.1.5 | B21: Removal and disposal of existing partition | C21: 8 | D21: m2 | F21: =C21*E21 -> 0
A22: 8.1.6 | B22: Removal and disposal of plasterboard cladding in all existing wardrobes, and make good for new fibre cement sheet | C22: 24 | D22: m2 | F22: =C22*E22 -> 0
A23: 8.1.7 | B23: Removal and disposal of existing wardrobe | C23: 10 | D23: m | F23: =C23*E23 -> 0
A24: 8.1.8 | B24: Removal and disposal of existing door furniture | C24: 12 | D24: no | F24: =C24*E24 -> 0
A25: 8.1.9 | B25: Removal and disposal of existing stair treads, handrail & balustrade | C25: 9 | D25: m | F25: =C25*E25 -> 0
A26: 8.1.10 | B26: Removal and disposal of existing floor finishes | C26: 138 | D26: m2 | F26: =C26*E26 -> 0
A27: 8.1.11 | B27: Removal and disposal of existing shower base | C27: 2 | D27: no | F27: =C27*E27 -> 0
A28: 8.1.12 | B28: Removal and disposal of bath & toilet pan | C28: 1 | D28: item | F28: =C28*E28 -> 0
A29: 8.1.13 | B29: Removal and disposal of existing doors | C29: 1 | D29: no | F29: =C29*E29 -> 0
A30: 8.1.14 | B30: Removal and disposal existing wall tiling | C30: 92 | D30: m2 | F30: =C30*E30 -> 0
A31: 8.1.15 | B31: Removal and disposal internal distribution boards | C31: 1 | D31: no | F31: =C31*E31 -> 0
... A33: 8.1.17 | B33: Removal and disposal of all existing external perimeter windows and security grill including Making good of existing window flashing and DPC's | C33: 45 | D33: m2 | F33: =C33*E33 -> 0
B34: Miscellaneous
A35: 8.1.18 | B35: Removal and disposal of existing general power, wiring, smoke alarms and any other unmeasured items | C35: 1 | D35: Item | F35: =C35*E35 -> 0
A36: 8.1.19 | B36: Removal and disposal of existing lights | C36: 1 | D36: item | F36: =C36*E36 -> 0
A37: 8.1.20 | B37: Removal and disposal all existing ceiling fans, associated controls and make good ceiling | C37: 1 | D37: item | F37: =C37*E37 -> 0
A38: 8.1.21 | B38: All emergency key fittings to be removed | C38: 1 | D38: item | F38: =C38*E38 -> 0
B39: TOTAL Demolition | F39: =SUM(F15:F38) -> 0
A41: 8.2 | B41: Wall Finishes/Painting
B42: WALL FINISHES/PAINTING
B43: Preambles
B44: All existing internal walls to be repainted or retiled as applicable, following completion of all patching and surface preparation works. | D44: note
B45: Internal wall surfaces to be prepared to receive new finishes, including filling, sanding, and priming as required. | D45: note
B46: Ceiling painting is excluded from this section and is addressed under Ceiling Finishes | D46: note
B47: New skirting is assumed to be provided to all internal walls, except within wet areas where full-height or partial-height wall tiling is installed. | D47: note
B48: Painting is assumed behind fixed and loose joinery unless noted otherwise. | D48: note
B49: No painting or refinishing works are included to external facade | D49: note
B50: Painting
A51: 8.2.1 | B51: Painting to wall in PA.01 with 3 coat (Dulux Wash&Wear;+Plus, Semigloss/Stain), allow patch to the existing wall | C51: 323 | D51: m2 | F51: =C51*E51 -> 0
B52: Tiling
A53: 8.2.2 | B53: TI.01 wall tiling to wet area - 300mm x 600mm Bright White Porcelain Tiles - Pressed Edge and patching to existing walls | C53: 67 | D53: m2 | F53: =C53*E53 -> 0
A54: 8.2.3 | B54: TI.02 feature wall tiling to wet area - 300mm x 600mm Stage Grey Matt Porcelain Tiles (National Tiles or similar) - Pressed Edge and patching to existing walls | C54: 5 | D54: m2 | F54: =C54*E54 -> 0
A55: 8.2.4 | B55: TI.05 wall tilling to kitchen & laundry - 296 x 297mm Kit Kat White Gloss Porcelain Tiles (Earp Bros or similar), patching to existing walls | C55: 6 | D55: m2 | F55: =C55*E55 -> 0
A56: 8.2.5 | B56: Waterproof membrane to wet areas to Walls & floor | C56: 96 | D56: m2 | F56: =C56*E56 -> 0
B57: Skirting
A58: 8.2.6 | B58: 100mm high laminated skirting, and paint in PA.02 (Dulux Wash&Wear;+Plus Kitchen & Bathroom, Whisper White, SW1C2) | C58: 117 | D58: m | F58: =C58*E58 -> 0
B59: Doors
A60: 8.2.7 | B60: Paint to doors 2-sides in PA.02 (Dulux Wash&Wear;+Plus Kitchen & Bathroom, Whisper White, SW1C2) | C60: 12 | D60: no | F60: =C60*E60 -> 0
B61: TOTAL Wall Finishes/Painting | F61: =SUM(F51:F60) -> 0
A63: 8.3 | B63: Floor Finishes
B64: FLOOR FINISHES
B65: Preambles
B66: Floor tiling is assumed to extend beneath all new joinery units to allow for future removal or reconfiguration without requiring floor finishes to be replaced. | D66: note
B67: Any new screed required to achieve levels and falls is deemed to be included within the floor tiling rate. | D67: note
B68: Tiling
A69: 8.3.1 | B69: TI.03 - 300mm x 600mm x 9mm thick tiled flooring, supplied by EARP BROS, Moov Grey, with laticrete spectralock pro premium grout in sterling silver | C69: 113 | D69: m2 | F69: =C69*E69 -> 0
A70: 8.3.2 | B70: TI.04 to wet area - 300mm x 600mm x 9mm thick tiled flooring, supplied by EARP BROS, Moov Grey, with laticrete spectralock pro premium grout in sterling silver | C70: 18 | D70: m2 | F70: =C70*E70 -> 0
B71: Stair
A72: 8.3.3 | B72: Recessed stair nosing | C72: 14.24 | D72: m | F72: =C72*E72 -> 0
A73: 8.3.4 | B73: Re-finish the existing timber stairs landing, treads and rises | C73: 8 | D73: m2 | F73: =C73*E73 -> 0
B74: TOTAL Floor Finishes | F74: =SUM(F69:F73) -> 0
A76: 8.4 | B76: Ceiling Finishes
B77: CEILING FINISHES
B78: Preambles
B79: Finishes
A80: 8.4.1 | B80: Paint to all existing plasterboard ceilings for new 3-coat paint system PA.03 (Dulux Wash&Wear;+Plus Kitchen & Bathroom, Flat white, low sheen), including cleaning. mould treatment and eradication, minor repairs, sanding and priming as required. | C80: 149 | D80: m2 | F80: =C80*E80 -> 0
B81: TOTAL Ceiling Finishes | F81: =SUM(F80) -> 0
A83: 8.5 | B83: Door and Window
B84: DOOR AND WINDOWS
B85: Preambles
B86: Rates are deemed to include the supply and installation of all door hardware and all applied finishes. | D86: note
B87: Doors
A88: 8.5.1 | B88: Refurbishment of existing gate including all preparation, fixings, finishes, adjustments, and making good required to suit installation of new perforated metal screen (900mmW x 1250mmH) | C88: 1 | D88: no | F88: =C88*E88 -> 0
A89: 8.5.2 | B89: Adding new door seals and replacing existing door hardwares as per the door schedule | C89: 12 | D89: no | F89: =C89*E89 -> 0
A90: 8.5.3 | B90: Replacing the leaf finish of D04 to GL.01 new double glazing to match new double glazed windows | C90: 1 | D90: no | F90: =C90*E90 -> 0
B91: TOTAL Door and Window | F91: =SUM(F86:F90) -> 0
A93: 8.6 | B93: Joinery
B94: JOINERY
B95: Preamble
B96: Joinery unit rates are deemed to include the supply and installation of laminated benchtops and tiled splashbacks, complete, unless specifically noted otherwise in the documentation. | D96: note
B97: Robe unit rates are deemed to include the supply and installation of sliding mirrored doors, complete with tracks, guides, and associated fittings. | D97: note
B98: Joinery unit rates are deemed to include all hardware necessary for a complete and functional installation, including soft - close hinges, soft - close runners, fixings, and all incidental hardware. | D98: note
B99: Joinery unit rates are deemed to include all costs associated with delivery to site, handling, positioning, installation, and making good directly affected surfaces. | D99: note
B100: Kitchen
A101: 8.6.1 | B101: JO1a/b - comprising 880mm high under-bench cupboards and drawers, 800mm high overhead cupboards, pantry units and complete with 20mm stone benchtop including waterfall edge and tiled splashback | C101: 9.64 | D101: m | F101: =C101*E101 -> 0
B102: Laundry
A103: 8.6.2 | B103: JO2a/b – comprising 880mm high under-bench cupboards and drawers, full-height broom cupboard, 20mm solid surface benchtop, tiled splashback and overhead cupboards to washing machine side only. | C103: 4.2 | D103: m | F103: =C103*E103 -> 0
B104: Robes
A105: 8.6.3 | B105: JO5a – comprising full height built-in sliding door wardrobes to 2700 mm high with 4 panel door system, mirror behind, internal shelving and hanging rails. | C105: 5.96 | D105: m | F105: =C105*E105 -> 0
B106: WIR | F106: =C106*E106 -> 0
A107: 8.6.4 | B107: JO7a/b – comprising open walk-in robe joinery with full-height laminate carcass, adjustable shelving, drawer units and hanging rails. | C107: 2.68 | D107: m
B108: Linen | F108: =C108*E108 -> 0
A109: 8.6.5 | B109: JO6 – comprising full-height sliding door linen cupboard to 2700mm high with 3 panel door system, hang rail and shelving. | C109: 1.83 | D109: m
B110: Mirror cabinet | F110: =C110*E110 -> 0
...

Sheet H18, H23, H31
A1: DFAT PNG Housing - H18, H23, H31 - PTE
A3: Code | B3: Description | C3: Quantity | D3: UOM | E3: Rate | F3: Total
B5: BUILDING TYPES
A6: 9 | B6: H18, H23, H31
B8: 3 BEDROOM APARTMENT
A10: 9.1 | B10: Demolition
B11: DEMOLITION
B12: Preamble
B13: Rate include disposal of demolition debris | D13: note
B14: Protection
A15: 9.1.1 | B15: Protection of the existing doors and architrave during construction | C15: 14 | D15: no | F15: =C15*E15 -> 0
A16: 9.1.2 | B16: Remove/store the reusable items | C16: 1 | D16: Item | F16: =C16*E16 -> 0
B17: Services Protection
A18: 9.1.3 | B18: Terminating redundant services and capping of existing services including light switches, GPO's Data outlets, TV outlets | C18: 1 | D18: Item | F18: =C18*E18 -> 0
B19: Demolition
A20: 9.1.4 | B20: Removal and disposal of existing joinery and accessories | C20: 11 | D20: m | F20: =C20*E20 -> 0
A21: 9.1.5 | B21: Removal and disposal of existing partition | C21: 6 | D21: m2 | F21: =C21*E21 -> 0
A22: 9.1.6 | B22: Removal and disposal of plasterboard cladding in all existing wardrobes, and make good for new fibre cement sheet | C22: 32 | D22: m2 | F22: =C22*E22 -> 0
A23: 9.1.7 | B23: Removal and disposal of existing wardrobe | C23: 10 | D23: m | F23: =C23*E23 -> 0
A24: 9.1.8 | B24: Removal and disposal of existing door furniture | C24: 13 | D24: no | F24: =C24*E24 -> 0
A25: 9.1.9 | B25: Removal and disposal of existing stair treads, handrail & balustrade | C25: 11 | D25: m | F25: =C25*E25 -> 0
A26: 9.1.10 | B26: Removal and disposal of existing floor finishes | C26: 136 | D26: m2 | F26: =C26*E26 -> 0
A27: 9.1.11 | B27: Removal and disposal of existing shower base | C27: 2 | D27: no | F27: =C27*E27 -> 0
A28: 9.1.12 | B28: Removal and disposal of bath & toilet pan | C28: 1 | D28: item | F28: =C28*E28 -> 0
A29: 9.1.13 | B29: Removal and disposal of existing doors | C29: 1 | D29: no | F29: =C29*E29 -> 0
A30: 9.1.14 | B30: Removal and disposal existing wall tiling | C30: 89 | D30: m2 | F30: =C30*E30 -> 0
A31: 9.1.15 | B31: Removal and disposal internal distribution boards | C31: 1 | D31: no | F31: =C31*E31 -> 0
... A33: 9.1.17 | B33: Removal and disposal of all existing external perimeter windows and security grill including Making good of existing window flashing and DPC's | C33: 44 | D33: m2 | F33: =C33*E33 -> 0
B34: Miscellaneous
A35: 9.1.18 | B35: Removal and disposal of existing general power, wiring, smoke alarms and any other unmeasured items | C35: 1 | D35: Item | F35: =C35*E35 -> 0
A36: 9.1.19 | B36: Removal and disposal of existing lights | C36: 1 | D36: item | F36: =C36*E36 -> 0
A37: 9.1.20 | B37: Removal and disposal all existing ceiling fans, associated controls and make good ceiling | C37: 1 | D37: item | F37: =C37*E37 -> 0
A38: 9.1.21 | B38: All emergency key fittings to be removed | C38: 1 | D38: item | F38: =C38*E38 -> 0
B39: TOTAL Demolition | F39: =SUM(F15:F38) -> 0
A41: 9.2 | B41: Wall Finishes/Painting
B42: WALL FINISHES/PAINTING
B43: Preambles
B44: All existing internal walls to be repainted or retiled as applicable, following completion of all patching and surface preparation works. | D44: note
B45: Internal wall surfaces to be prepared to receive new finishes, including filling, sanding, and priming as required. | D45: note
B46: Ceiling painting is excluded from this section and is addressed under Ceiling Finishes | D46: note
B47: New skirting is assumed to be provided to all internal walls, except within wet areas where full-height or partial-height wall tiling is installed.
B48: Painting is assumed behind fixed and loose joinery unless noted otherwise. | D48: note
B49: No painting or refinishing works are included to external facade | D49: note
B50: Painting
A51: 9.2.1 | B51: Painting to wall in PA.01 with 3 coat (Dulux Wash&Wear;+Plus, Semigloss/Stain), allow patch to the existing wall | C51: 366 | D51: m2 | F51: =C51*E51 -> 0
B52: Tiling
A53: 9.2.2 | B53: TI.01 wall tiling to wet area - 300mm x 600mm Bright White Porcelain Tiles - Pressed Edge and patching to existing walls | C53: 63 | D53: m2 | F53: =C53*E53 -> 0
A54: 9.2.3 | B54: TI.02 feature wall tiling to wet area - 300mm x 600mm Stage Grey Matt Porcelain Tiles (National Tiles or similar) - Pressed Edge and patching to existing walls | C54: 6 | D54: m2 | F54: =C54*E54 -> 0
A55: 9.2.4 | B55: TI.05 wall tilling to kitchen & laundry - 296 x 297mm Kit Kat White Gloss Porcelain Tiles (Earp Bros or similar), patching to existing walls | C55: 4 | D55: m2 | F55: =C55*E55 -> 0
A56: 9.2.5 | B56: Waterproof membrane to wet areas to Walls & floor | C56: 91 | D56: m2 | F56: =C56*E56 -> 0
B57: Skirting
A58: 9.2.6 | B58: Allowance for new 100mm high laminated skirting, and paint in PA.02 (Dulux Wash&Wear;+Plus Kitchen & Bathroom, Whisper White, SW1C2) | C58: 127 | D58: m | F58: =C58*E58 -> 0
B59: Doors
A60: 9.2.7 | B60: Allowance for painting all doors 2-sides in PA.02 (Dulux Wash&Wear;+Plus Kitchen & Bathroom, Whisper White, SW1C2) | C60: 13 | D60: no | F60: =C60*E60 -> 0
B61: TOTAL Wall Finishes/Painting | F61: =SUM(F51:F60) -> 0
A63: 9.3 | B63: Floor Finishes
B64: FLOOR FINISHES
B65: Preambles
B66: Floor tiling is assumed to extend beneath all new joinery units to allow for future removal or reconfiguration without requiring floor finishes to be replaced. | D66: note
B67: Any new screed required to achieve levels and falls is deemed to be included within the floor tiling rate. | D67: note
B68: Tiling
A69: 9.3.1 | B69: TI.03 - 300mm x 600mm x 9mm thick tiled flooring, supplied by EARP BROS, Moov Grey, with laticrete spectralock pro premium grout in sterling silver | C69: 115 | D69: m2 | F69: =C69*E69 -> 0
A70: 9.3.2 | B70: TI.04 to wet area - 300mm x 600mm x 9mm thick tiled flooring, supplied by EARP BROS, Moov Grey, with laticrete spectralock pro premium grout in sterling silver | C70: 18 | D70: m2 | F70: =C70*E70 -> 0
B71: Stair
A72: 9.3.3 | B72: Recessed stair nosing | C72: 17.77 | D72: m | F72: =C72*E72 -> 0
A73: 9.3.4 | B73: Re-finish the existing timber stairs landing, treads and rises | C73: 10 | D73: m2 | F73: =C73*E73 -> 0
B74: TOTAL Floor Finishes | F74: =SUM(F69:F73) -> 0
A76: 9.4 | B76: Ceiling Finishes
B77: CEILING FINISHES
B78: Preambles
B79: Finishes
A80: 9.4.1 | B80: Paint to all existing plasterboard ceilings for new 3-coat paint system PA.03 (Dulux Wash&Wear;+Plus Kitchen & Bathroom, Flat white, low sheen), including cleaning. mould treatment and eradication, minor repairs, sanding and priming as required. | C80: 157 | D80: m2 | F80: =C80*E80 -> 0
B81: TOTAL Ceiling Finishes | F81: =SUM(F80) -> 0
A83: 9.5 | B83: Door and Window
B84: DOOR AND WINDOWS
B85: Preambles
B86: Rates are deemed to include the supply and installation of all door hardware and all applied finishes. | D86: note
B87: Doors
A88: 9.5.1 | B88: Refurbishment of existing gate including all preparation, fixings, finishes, adjustments, and making good required to suit installation of new perforated metal screen (900mmW x 1250mmH) | C88: 1 | D88: no | F88: =C88*E88 -> 0
A89: 9.5.2 | B89: Adding new door seals and replacing existing door hardwares as per the door schedule | C89: 13 | D89: no | F89: =C89*E89 -> 0
A90: 9.5.3 | B90: Replacing the leaf finish of D04 to GL.01 new double glazing to match new double glazed windows | C90: 1 | D90: no | F90: =C90*E90 -> 0
B91: TOTAL Door and Window | F91: =SUM(F86:F90) -> 0
A93: 9.6 | B93: Joinery
B94: JOINERY
B95: Preamble
B96: Joinery unit rates are deemed to include the supply and installation of laminated benchtops and tiled splashbacks, complete, unless specifically noted otherwise in the documentation. | D96: note
B97: Robe unit rates are deemed to include the supply and installation of sliding mirrored doors, complete with tracks, guides, and associated fittings. | D97: note
B98: Joinery unit rates are deemed to include all hardware necessary for a complete and functional installation, including soft - close hinges, soft - close runners, fixings, and all incidental hardware. | D98: note
B99: Joinery unit rates are deemed to include all costs associated with delivery to site, handling, positioning, installation, and making good directly affected surfaces. | D99: note
B100: Kitchen
A101: 9.6.1 | B101: JO3a/b – comprising 880mm high under-bench cupboards and drawer units, 800mm high overhead cupboards, tall pantry units and complete with 20mm stone benchtop including waterfall edge and tiled splashback. | C101: 10.65 | D101: m | F101: =C101*E101 -> 0
B102: Laundry
A103: 9.6.2 | B103: JO4a/b - comprising 880mm high under-bench cupboards and drawers, full-height broom cupboard, 20mm stone benchtop, tiled splashback and open shelf, and overhead cupboard above washer/dryer. | C103: 3.6 | D103: m | F103: =C103*E103 -> 0
B104: Robes
A105: 9.6.3 | B105: JO5a – comprising full height built-in sliding door wardrobes to 2700 mm high with 4 panel door system, mirror behind, internal shelving and hanging rails. | C105: 3.14 | D105: m | F105: =C105*E105 -> 0
A106: 9.6.4 | B106: JO5b – comprising full height built-in sliding door wardrobes to 2700 mm high with 2 panel door system, mirror behind, internal shelving and hanging rails. | C106: 2.03 | D106: m | F106: =C106*E106 -> 0
B107: WIR
A108: 9.6.5 | B108: JO7a/b – comprising open walk-in robe joinery with full-height laminate carcass, adjustable shelving, drawer units and hanging rails. | C108: 2.77 | D108: m | F108: =C108*E108 -> 0
B109: Linen
A110: 9.6.6 | B110: JO8a/b – comprising open walk-in linen storage with adjustable shelving to full height in compact laminate to all surfaces | C110: 2.95 | D110: m | F110: =C110*E110 -> 0
...

Sheet H19, H30
A1: DFAT PNG Housing - H19, H30 - PTE
A3: Code | B3: Description | C3: Quantity | D3: UOM | E3: Rate | F3: Total
B5: BUILDING TYPES
A6: 10 | B6: H19, H30
B8: 3 BEDROOM APARTMENT
A10: 10.1 | B10: Demolition
B11: As insufficient information provided, T&T made the following assumptions to prepare this estimate
B12: Rate include disposal of demolition debris | D12: note
B13: Preamble
B14: Protection
A15: 10.1.1 | B15: Protection of the existing doors and architrave during construction | C15: 14 | D15: no | F15: =C15*E15 -> 0
A16: 10.1.2 | B16: Remove/store the reusable items | C16: 1 | D16: Item | F16: =C16*E16 -> 0
B17: Services Protection
A18: 10.1.3 | B18: Terminating redundant services and capping of existing services including light switches, GPO's Data outlets, TV outlets | C18: 1 | D18: Item | F18: =C18*E18 -> 0
B19: Demolition
A20: 10.1.4 | B20: Removal and disposal of existing joinery and accessories | C20: 10 | D20: m | F20: =C20*E20 -> 0
A21: 10.1.5 | B21: Removal and disposal of existing partition | C21: 6 | D21: m2 | F21: =C21*E21 -> 0
A22: 10.1.6 | B22: Removal and disposal of plasterboard cladding in all existing wardrobes, and make good for new fibre cement sheet | C22: 33 | D22: m2 | F22: =C22*E22 -> 0
A23: 10.1.7 | B23: Removal and disposal of existing wardrobe | C23: 10 | D23: m | F23: =C23*E23 -> 0
A24: 10.1.8 | B24: Removal and disposal of existing door furniture | C24: 12 | D24: no | F24: =C24*E24 -> 0
A25: 10.1.9 | B25: Removal and disposal of existing stair treads, handrail & balustrade | C25: 12 | D25: m | F25: =C25*E25 -> 0
A26: 10.1.10 | B26: Removal and disposal of existing floor finishes | C26: 136 | D26: m2 | F26: =C26*E26 -> 0
A27: 10.1.11 | B27: Removal and disposal of existing shower base | C27: 2 | D27: no | F27: =C27*E27 -> 0
A28: 10.1.12 | B28: Removal and disposal of bath & toilet pan | C28: 1 | D28: item | F28: =C28*E28 -> 0
A29: 10.1.13 | B29: Removal and disposal of existing doors | C29: 1 | D29: no | F29: =C29*E29 -> 0
A30: 10.1.14 | B30: Removal and disposal existing wall tiling | C30: 69 | D30: m2 | F30: =C30*E30 -> 0
A31: 10.1.15 | B31: Removal and disposal internal distribution boards | C31: 1 | D31: no | F31: =C31*E31 -> 0
... A33: 10.1.17 | B33: Removal and disposal of all existing external perimeter windows and security grill including Making good of existing window flashing and DPC's | C33: 44 | D33: m2 | F33: =C33*E33 -> 0
B34: Miscellaneous
A35: 10.1.18 | B35: Removal and disposal of existing general power, wiring, smoke alarms and any other unmeasured items | C35: 1 | D35: Item | F35: =C35*E35 -> 0
A36: 10.1.19 | B36: Removal and disposal of existing lights | C36: 1 | D36: item | F36: =C36*E36 -> 0
A37: 10.1.20 | B37: Removal and disposal all existing ceiling fans, associated controls and make good ceiling | C37: 1 | D37: item | F37: =C37*E37 -> 0
A38: 10.1.21 | B38: All emergency key fittings to be removed | C38: 1 | D38: item | F38: =C38*E38 -> 0
B39: TOTAL Demolition | F39: =SUM(F15:F38) -> 0
A41: 10.2 | B41: Wall Finishes/Painting
B42: WALL FINISHES/PAINTING
B43: Preambles
B44: All existing internal walls to be repainted or retiled as applicable, following completion of all patching and surface preparation works. | D44: note
B45: Internal wall surfaces to be prepared to receive new finishes, including filling, sanding, and priming as required. | D45: note
B46: Ceiling painting is excluded from this section and is addressed under Ceiling Finishes | D46: note
B47: New skirting is assumed to be provided to all internal walls, except within wet areas where full-height or partial-height wall tiling is installed. | D47: note
B48: Painting is assumed behind fixed and loose joinery unless noted otherwise. | D48: note
B49: No painting or refinishing works are included to external facade | D49: note
B50: Painting
A51: 10.2.1 | B51: Painting to wall in PA.01 with 3 coat (Dulux Wash&Wear;+Plus, Semigloss/Stain), allow patch to the existing wall | C51: 366 | D51: m2 | F51: =C51*E51 -> 0
B52: Tiling
A53: 10.2.2 | B53: TI.01 wall tiling to wet area - 300mm x 600mm Bright White Porcelain Tiles - Pressed Edge and patching to existing walls | C53: 63 | D53: m2 | F53: =C53*E53 -> 0
A54: 10.2.3 | B54: TI.02 feature wall tiling to wet area - 300mm x 600mm Stage Grey Matt Porcelain Tiles (National Tiles or similar) - Pressed Edge and patching to existing walls | C54: 6 | D54: m2 | F54: =C54*E54 -> 0
A55: 10.2.4 | B55: TI.05 wall tilling to kitchen & laundry - 296 x 297mm Kit Kat White Gloss Porcelain Tiles (Earp Bros or similar), patching to existing walls | C55: 4 | D55: m2 | F55: =C55*E55 -> 0
A56: 10.2.5 | B56: Waterproof membrane to wet areas to Walls & floor | C56: 91 | D56: m2 | F56: =C56*E56 -> 0
B57: Skirting
A58: 10.2.6 | B58: 100mm high laminated skirting, and paint in PA.02 (Dulux Wash&Wear;+Plus Kitchen & Bathroom, Whisper White, SW1C2) | C58: 127 | D58: m | F58: =C58*E58 -> 0
B59: Doors
A60: 10.2.7 | B60: Paint to doors 2-sides in PA.02 (Dulux Wash&Wear;+Plus Kitchen & Bathroom, Whisper White, SW1C2) | C60: 13 | D60: no | F60: =C60*E60 -> 0
B61: TOTAL Wall Finishes/Painting | F61: =SUM(F51:F60) -> 0
A63: 10.3 | B63: Floor Finishes
B64: FLOOR FINISHES
B65: Preambles
B66: Floor tiling is assumed to extend beneath all new joinery units to allow for future removal or reconfiguration without requiring floor finishes to be replaced. | D66: note
B67: Any new screed required to achieve levels and falls is deemed to be included within the floor tiling rate. | D67: note
B68: Tiling
A69: 10.3.1 | B69: TI.03 - 300mm x 600mm x 9mm thick tiled flooring, supplied by EARP BROS, Moov Grey, with laticrete spectralock pro premium grout in sterling silver | C69: 115 | D69: m2 | F69: =C69*E69 -> 0
A70: 10.3.2 | B70: TI.04 to wet area - 300mm x 600mm x 9mm thick tiled flooring, supplied by EARP BROS, Moov Grey, with laticrete spectralock pro premium grout in sterling silver | C70: 18 | D70: m2 | F70: =C70*E70 -> 0
B71: Stair
A72: 10.3.3 | B72: Recessed stair nosing | C72: 17.77 | D72: m | F72: =C72*E72 -> 0
A73: 10.3.4 | B73: Re-finish the existing timber stairs landing, treads and rises | C73: 10 | D73: m2 | F73: =C73*E73 -> 0
B74: TOTAL Floor Finishes | F74: =SUM(F69:F73) -> 0
A76: 10.4 | B76: Ceiling Finishes
B77: CEILING FINISHES
B78: Preambles
B79: Finishes
A80: 10.4.1 | B80: Paint to all existing plasterboard ceilings for new 3-coat paint system PA.03 (Dulux Wash&Wear;+Plus Kitchen & Bathroom, Flat white, low sheen), including cleaning. mould treatment and eradication, minor repairs, sanding and priming as required. | C80: 157 | D80: m2 | F80: =C80*E80 -> 0
B81: TOTAL Ceiling Finishes | F81: =SUM(F80) -> 0
A83: 10.5 | B83: Door and Window
B84: DOOR AND WINDOWS
B85: Preambles
B86: Rates are deemed to include the supply and installation of all door hardware and all applied finishes. | D86: note
B87: Doors
A88: 10.5.1 | B88: Refurbishment of existing gate including all preparation, fixings, finishes, adjustments, and making good required to suit installation of new perforated metal screen (900mmW x 1250mmH) | C88: 1 | D88: no | F88: =C88*E88 -> 0
A89: 10.5.2 | B89: Adding new door seals and replacing existing door hardwares as per the door schedule | C89: 12 | D89: no | F89: =C89*E89 -> 0
A90: 10.5.3 | B90: Replacing the leaf finish of D04 to GL.01 new double glazing to match new double glazed windows | C90: 2 | D90: no | F90: =C90*E90 -> 0
B91: TOTAL Door and Window | F91: =SUM(F86:F90) -> 0
A93: 10.6 | B93: Joinery
B94: JOINERY
B95: Preamble
B96: Joinery unit rates are deemed to include the supply and installation of laminated benchtops and tiled splashbacks, complete, unless specifically noted otherwise in the documentation. | D96: note
B97: Robe unit rates are deemed to include the supply and installation of sliding mirrored doors, complete with tracks, guides, and associated fittings. | D97: note
B98: Joinery unit rates are deemed to include all hardware necessary for a complete and functional installation, including soft - close hinges, soft - close runners, fixings, and all incidental hardware. | D98: note
B99: Joinery unit rates are deemed to include all costs associated with delivery to site, handling, positioning, installation, and making good directly affected surfaces. | D99: note
B100: Kitchen
A101: 10.6.1 | B101: JO3a/b – comprising 880mm high under-bench cupboards and drawer units, 800mm high overhead cupboards, tall pantry units and complete with 20mm stone benchtop including waterfall edge and tiled splashback. | C101: 10.65 | D101: m | F101: =C101*E101 -> 0
B102: Laundry
A103: 10.6.2 | B103: JO4a/b - comprising 880mm high under-bench cupboards and drawers, full-height broom cupboard, 20mm stone benchtop, tiled splashback and open shelf, and overhead cupboard above washer/dryer. | C103: 3.6 | D103: m | F103: =C103*E103 -> 0
B104: Robes
A105: 10.6.3 | B105: JO5a – comprising full height built-in sliding door wardrobes to 2700 mm high with 4 panel door system, mirror behind, internal shelving and hanging rails. | C105: 3.14 | D105: m | F105: =C105*E105 -> 0
A106: 10.6.4 | B106: JO5b – comprising full height built-in sliding door wardrobes to 2700 mm high with 2 panel door system, mirror behind, internal shelving and hanging rails. | C106: 2.03 | D106: m | F106: =C106*E106 -> 0
B107: WIR
A108: 10.6.5 | B108: JO7a/b – comprising open walk-in robe joinery with full-height laminate carcass, adjustable shelving, drawer units and hanging rails. | C108: 2.77 | D108: m | F108: =C108*E108 -> 0
B109: Linen
A110: 10.6.6 | B110: JO8a/b – comprising open walk-in linen storage with adjustable shelving to full height in compact laminate to all surfaces | C110: 2.95 | D110: m | F110: =C110*E110 -> 0
...

Sheet H20, H27
A1: DFAT PNG Housing - H20, H27 - PTE
A3: Code | B3: Description | C3: Quantity | D3: UOM | E3: Rate | F3: Total
B5: BUILDING TYPES
A6: 11 | B6: H20, H27
B8: 4 BEDROOM APARTMENT
A10: 11.1 | B10: Demolition
B11: DEMOLITION
B12: Preamble
B13: Rate include disposal of demolition debris | D13: note
B14: Protection
A15: 11.1.1 | B15: Protection of the existing doors and architrave during construction | C15: 14 | D15: no | F15: =C15*E15 -> 0
A16: 11.1.2 | B16: Remove/store the reusable items | C16: 1 | D16: Item | F16: =C16*E16 -> 0
B17: Services Protection
A18: 11.1.3 | B18: Terminating redundant services and capping of existing services including light switches, GPO's Data outlets, TV outlets | C18: 1 | D18: Item | F18: =C18*E18 -> 0
B19: Demolition
A20: 11.1.4 | B20: Removal and disposal of existing joinery and accessories | C20: 11 | D20: m | F20: =C20*E20 -> 0
A21: 11.1.5 | B21: Removal and disposal of existing partition | C21: 6 | D21: m2 | F21: =C21*E21 -> 0
A22: 11.1.6 | B22: Removal and disposal of plasterboard cladding in all existing wardrobes, and make good for new fibre cement sheet | C22: 48 | D22: m2 | F22: =C22*E22 -> 0
A23: 11.1.7 | B23: Removal and disposal of existing wardrobe | C23: 11 | D23: m | F23: =C23*E23 -> 0
A24: 11.1.8 | B24: Removal and disposal of existing door furniture | C24: 13 | D24: no | F24: =C24*E24 -> 0
A25: 11.1.9 | B25: Removal and disposal of existing stair treads, handrail & balustrade | C25: 9 | D25: m | F25: =C25*E25 -> 0
A26: 11.1.10 | B26: Removal and disposal of existing floor finishes | C26: 155 | D26: m2 | F26: =C26*E26 -> 0
A27: 11.1.11 | B27: Removal and disposal of existing shower base | C27: 2 | D27: no | F27: =C27*E27 -> 0
A28: 11.1.12 | B28: Removal and disposal of bath & toilet pan | C28: 1 | D28: item | F28: =C28*E28 -> 0
A29: 11.1.13 | B29: Removal and disposal of existing doors | C29: 1 | D29: no | F29: =C29*E29 -> 0
A30: 11.1.14 | B30: Removal and disposal existing wall tiling | C30: 72 | D30: m2 | F30: =C30*E30 -> 0
A31: 11.1.15 | B31: Removal and disposal internal distribution boards | C31: 1 | D31: no | F31: =C31*E31 -> 0
... A33: 11.1.17 | B33: Removal and disposal of all existing external perimeter windows and security grill including Making good of existing window flashing and DPC's | C33: 54 | D33: m2 | F33: =C33*E33 -> 0
B34: Miscellaneous
A35: 11.1.18 | B35: Removal and disposal of existing general power, wiring, smoke alarms and any other unmeasured items | C35: 1 | D35: Item | F35: =C35*E35 -> 0
A36: 11.1.19 | B36: Removal and disposal of existing lights | C36: 1 | D36: item | F36: =C36*E36 -> 0
A37: 11.1.20 | B37: Removal and disposal all existing ceiling fans, associated controls and make good ceiling | C37: 1 | D37: item | F37: =C37*E37 -> 0
A38: 11.1.21 | B38: All emergency key fittings to be removed | C38: 1 | D38: item | F38: =C38*E38 -> 0
B39: TOTAL Demolition | F39: =SUM(F15:F38) -> 0
A41: 11.2 | B41: Wall Finishes/Painting
B42: WALL FINISHES/PAINTING
B43: Preambles
B44: All existing internal walls to be repainted or retiled as applicable, following completion of all patching and surface preparation works. | D44: note
B45: Internal wall surfaces to be prepared to receive new finishes, including filling, sanding, and priming as required. | D45: note
B46: Ceiling painting is excluded from this section and is addressed under Ceiling Finishes | D46: note
B47: New skirting is assumed to be provided to all internal walls, except within wet areas where full-height or partial-height wall tiling is installed. | D47: note
B48: Painting is assumed behind fixed and loose joinery unless noted otherwise. | D48: note
B49: No painting or refinishing works are included to external facade | D49: note
B50: Painting
A51: 11.2.1 | B51: Painting to wall in PA.01 with 3 coat (Dulux Wash&Wear;+Plus, Semigloss/Stain), allow patch to the existing wall | C51: 405 | D51: m2 | F51: =C51*E51 -> 0
B52: Tiling
A53: 11.2.2 | B53: TI.01 wall tiling to wet area - 300mm x 600mm Bright White Porcelain Tiles - Pressed Edge and patching to existing walls | C53: 66 | D53: m2 | F53: =C53*E53 -> 0
A54: 11.2.3 | B54: TI.02 feature wall tiling to wet area - 300mm x 600mm Stage Grey Matt Porcelain Tiles (National Tiles or similar) - Pressed Edge and patching to existing walls | C54: 7 | D54: m2 | F54: =C54*E54 -> 0
A55: 11.2.4 | B55: TI.05 wall tilling to kitchen & laundry - 296 x 297mm Kit Kat White Gloss Porcelain Tiles (Earp Bros or similar), patching to existing walls | C55: 4 | D55: m2 | F55: =C55*E55 -> 0
A56: 11.2.5 | B56: Waterproof membrane to wet areas to Walls & floor | C56: 95 | D56: m2 | F56: =C56*E56 -> 0
B57: Skirting
A58: 11.2.6 | B58: 100mm high laminated skirting, and paint in PA.02 (Dulux Wash&Wear;+Plus Kitchen & Bathroom, Whisper White, SW1C2) | C58: 134 | D58: m | F58: =C58*E58 -> 0
B59: Doors
A60: 11.2.7 | B60: Paint to doors 2-sides in PA.02 (Dulux Wash&Wear;+Plus Kitchen & Bathroom, Whisper White, SW1C2) | C60: 13 | D60: no | F60: =C60*E60 -> 0
B61: TOTAL Wall Finishes/Painting | F61: =SUM(F51:F60) -> 0
A63: 11.3 | B63: Floor Finishes
B64: FLOOR FINISHES
B65: Preambles
B66: Floor tiling is assumed to extend beneath all new joinery units to allow for future removal or reconfiguration without requiring floor finishes to be replaced. | D66: note
B67: Any new screed required to achieve levels and falls is deemed to be included within the floor tiling rate. | D67: note
B68: Tiling
A69: 11.3.1 | B69: TI.03 - 300mm x 600mm x 9mm thick tiled flooring, supplied by EARP BROS, Moov Grey, with laticrete spectralock pro premium grout in sterling silver | C69: 134 | D69: m2 | F69: =C69*E69 -> 0
A70: 11.3.2 | B70: TI.04 to wet area - 300mm x 600mm x 9mm thick tiled flooring, supplied by EARP BROS, Moov Grey, with laticrete spectralock pro premium grout in sterling silver | C70: 18 | D70: m2 | F70: =C70*E70 -> 0
B71: Stair
A72: 11.3.3 | B72: Recessed stair nosing | C72: 17.77 | D72: m | F72: =C72*E72 -> 0
A73: 11.3.4 | B73: Re-finish the existing timber stairs landing, treads and rises | C73: 10 | D73: m2 | F73: =C73*E73 -> 0
B74: TOTAL Floor Finishes | F74: =SUM(F69:F73) -> 0
A76: 11.4 | B76: Ceiling Finishes
B77: CEILING FINISHES
B78: Preambles
B79: Finishes
A80: 11.4.1 | B80: Paint to all existing plasterboard ceilings for new 3-coat paint system PA.03 (Dulux Wash&Wear;+Plus Kitchen & Bathroom, Flat white, low sheen), including cleaning. mould treatment and eradication, minor repairs, sanding and priming as required. | C80: 177 | D80: m2 | F80: =C80*E80 -> 0
B81: TOTAL Ceiling Finishes | F81: =SUM(F80) -> 0
A83: 11.5 | B83: Door and Window
B84: DOOR AND WINDOWS
B85: Preambles
B86: Rates are deemed to include the supply and installation of all door hardware and all applied finishes. | D86: note
B87: Doors
A88: 11.5.1 | B88: Refurbishment of existing gate including all preparation, fixings, finishes, adjustments, and making good required to suit installation of new perforated metal screen (900mmW x 1250mmH) | C88: 1 | D88: no | F88: =C88*E88 -> 0
A89: 11.5.2 | B89: Adding new door seals and replacing existing door hardwares as per the door schedule | C89: 13 | D89: no | F89: =C89*E89 -> 0
A90: 11.5.3 | B90: Replacing the leaf finish of D04 to GL.01 new double glazing to match new double glazed windows | C90: 3 | D90: no | F90: =C90*E90 -> 0
B91: TOTAL Door and Window | F91: =SUM(F86:F90) -> 0
A93: 11.6 | B93: Joinery
B94: JOINERY
B95: Preamble
B96: Joinery unit rates are deemed to include the supply and installation of laminated benchtops and tiled splashbacks, complete, unless specifically noted otherwise in the documentation. | D96: note
B97: Robe unit rates are deemed to include the supply and installation of sliding mirrored doors, complete with tracks, guides, and associated fittings. | D97: note
B98: Joinery unit rates are deemed to include all hardware necessary for a complete and functional installation, including soft - close hinges, soft - close runners, fixings, and all incidental hardware. | D98: note
B99: Joinery unit rates are deemed to include all costs associated with delivery to site, handling, positioning, installation, and making good directly affected surfaces. | D99: note
B100: Kitchen
A101: 11.6.1 | B101: JO3a/b – comprising 880mm high under-bench cupboards and drawer units, 800mm high overhead cupboards, tall pantry units and complete with 20mm stone benchtop including waterfall edge and tiled splashback. | C101: 10.65 | D101: m | F101: =C101*E101 -> 0
B102: Laundry
A103: 11.6.2 | B103: JO4a/b - comprising 880mm high under-bench cupboards and drawers, full-height broom cupboard, 20mm stone benchtop, tiled splashback and open shelf, and overhead cupboard above washer/dryer. | C103: 3.6 | D103: m | F103: =C103*E103 -> 0
B104: Robes
A105: 11.6.3 | B105: JO5a – comprising full height built-in sliding door wardrobes to 2700 mm high with 4 panel door system, mirror behind, internal shelving and hanging rails. | C105: 3.14 | D105: m | F105: =C105*E105 -> 0
A106: 11.6.4 | B106: JO5b – comprising full height built-in sliding door wardrobes to 2700 mm high with 2 panel door system, mirror behind, internal shelving and hanging rails. | C106: 3.62 | D106: m | F106: =C106*E106 -> 0
B107: WIR
A108: 11.6.5 | B108: JO7a/b – comprising open walk-in robe joinery with full-height laminate carcass, adjustable shelving, drawer units and hanging rails. | C108: 2.77 | D108: m | F108: =C108*E108 -> 0
B109: Linen
A110: 11.6.6 | B110: JO6 – comprising full-height sliding door linen cupboard to 2700mm high with 3 panel door system, hang rail and shelving. | C110: 2.04 | D110: m | F110: =C110*E110 -> 0
...

Sheet H21, H34, H26
A1: DFAT PNG Housing - H21, H34, H26 - PTE
A3: Code | B3: Description | C3: Quantity | D3: UOM | E3: Rate | F3: Total
B5: BUILDING TYPES
A6: 12 | B6: H21, H34, H26
B8: 3 BEDROOM APARTMENT
A10: 12.1 | B10: Demolition
B11: DEMOLITION
B12: Preamble
B13: Rate include disposal of demolition debris | D13: note
B14: Protection
A15: 12.1.1 | B15: Protection of the existing doors and architrave during construction | C15: 14 | D15: no | F15: =C15*E15 -> 0
A16: 12.1.2 | B16: Remove/store the reusable items | C16: 1 | D16: Item | F16: =C16*E16 -> 0
B17: Services Protection
A18: 12.1.3 | B18: Terminating redundant services and capping of existing services including light switches, GPO's Data outlets, TV outlets | C18: 1 | D18: Item | F18: =C18*E18 -> 0
B19: Demolition
A20: 12.1.4 | B20: Removal and disposal of existing joinery and accessories | C20: 11 | D20: m | F20: =C20*E20 -> 0
A21: 12.1.5 | B21: Removal and disposal of existing partition | C21: 6 | D21: m2 | F21: =C21*E21 -> 0
A22: 12.1.6 | B22: Removal and disposal of plasterboard cladding in all existing wardrobes, and make good for new fibre cement sheet | C22: 32 | D22: m2 | F22: =C22*E22 -> 0
A23: 12.1.7 | B23: Removal and disposal of existing wardrobe | C23: 10 | D23: m | F23: =C23*E23 -> 0
A24: 12.1.8 | B24: Removal and disposal of existing door furniture | C24: 13 | D24: no | F24: =C24*E24 -> 0
A25: 12.1.9 | B25: Removal and disposal of existing stair treads, handrail & balustrade | C25: 11 | D25: m | F25: =C25*E25 -> 0
A26: 12.1.10 | B26: Removal and disposal of existing floor finishes | C26: 136 | D26: m2 | F26: =C26*E26 -> 0
A27: 12.1.11 | B27: Removal and disposal of existing shower base | C27: 2 | D27: no | F27: =C27*E27 -> 0
A28: 12.1.12 | B28: Removal and disposal of bath & toilet pan | C28: 1 | D28: item | F28: =C28*E28 -> 0
A29: 12.1.13 | B29: Removal and disposal of existing doors | C29: 1 | D29: no | F29: =C29*E29 -> 0
A30: 12.1.14 | B30: Removal and disposal existing wall tiling | C30: 89 | D30: m2 | F30: =C30*E30 -> 0
A31: 12.1.15 | B31: Removal and disposal internal distribution boards | C31: 1 | D31: no | F31: =C31*E31 -> 0
... A33: 12.1.17 | B33: Removal and disposal of all existing external perimeter windows and security grill including Making good of existing window flashing and DPC's | C33: 44 | D33: m2 | F33: =C33*E33 -> 0
B34: Miscellaneous
A35: 12.1.18 | B35: Removal and disposal of existing general power, wiring, smoke alarms and any other unmeasured items | C35: 1 | D35: Item | F35: =C35*E35 -> 0
A36: 12.1.19 | B36: Removal and disposal of existing lights | C36: 1 | D36: item | F36: =C36*E36 -> 0
A37: 12.1.20 | B37: Removal and disposal all existing ceiling fans, associated controls and make good ceiling | C37: 1 | D37: item | F37: =C37*E37 -> 0
A38: 12.1.21 | B38: All emergency key fittings to be removed | C38: 1 | D38: item | F38: =C38*E38 -> 0
B39: TOTAL Demolition | F39: =SUM(F15:F38) -> 0
A41: 12.2 | B41: Wall Finishes/Painting
B42: WALL FINISHES/PAINTING
B43: Preambles
B44: All existing internal walls to be repainted or retiled as applicable, following completion of all patching and surface preparation works. | D44: note
B45: Internal wall surfaces to be prepared to receive new finishes, including filling, sanding, and priming as required. | D45: note
B46: Ceiling painting is excluded from this section and is addressed under Ceiling Finishes | D46: note
B47: New skirting is assumed to be provided to all internal walls, except within wet areas where full-height or partial-height wall tiling is installed. | D47: note
B48: Painting is assumed behind fixed and loose joinery unless noted otherwise. | D48: note
B49: No painting or refinishing works are included to external facade | D49: note
B50: Painting
A51: 12.2.1 | B51: Painting to wall in PA.01 with 3 coat (Dulux Wash&Wear;+Plus, Semigloss/Stain), allow patch to the existing wall | C51: 366 | D51: m2 | F51: =C51*E51 -> 0
B52: Tiling
A53: 12.2.2 | B53: TI.01 wall tiling to wet area - 300mm x 600mm Bright White Porcelain Tiles - Pressed Edge and patching to existing walls | C53: 63 | D53: m2 | F53: =C53*E53 -> 0
A54: 12.2.3 | B54: TI.02 feature wall tiling to wet area - 300mm x 600mm Stage Grey Matt Porcelain Tiles (National Tiles or similar) - Pressed Edge and patching to existing walls | C54: 6 | D54: m2 | F54: =C54*E54 -> 0
A55: 12.2.4 | B55: TI.05 wall tilling to kitchen & laundry - 296 x 297mm Kit Kat White Gloss Porcelain Tiles (Earp Bros or similar), patching to existing walls | C55: 4 | D55: m2 | F55: =C55*E55 -> 0
A56: 12.2.5 | B56: Waterproof membrane to wet areas to Walls & floor | C56: 91 | D56: m2 | F56: =C56*E56 -> 0
B57: Skirting
A58: 12.2.6 | B58: 100mm high laminated skirting, and paint in PA.02 (Dulux Wash&Wear;+Plus Kitchen & Bathroom, Whisper White, SW1C2) | C58: 127 | D58: m | F58: =C58*E58 -> 0
B59: Doors
A60: 12.2.7 | B60: Paint to doors 2-sides in PA.02 (Dulux Wash&Wear;+Plus Kitchen & Bathroom, Whisper White, SW1C2) | C60: 13 | D60: no | F60: =C60*E60 -> 0
B61: TOTAL Wall Finishes/Painting | F61: =SUM(F51:F60) -> 0
A63: 12.3 | B63: Floor Finishes
B64: FLOOR FINISHES
B65: Preambles
B66: Floor tiling is assumed to extend beneath all new joinery units to allow for future removal or reconfiguration without requiring floor finishes to be replaced. | D66: note
B67: Any new screed required to achieve levels and falls is deemed to be included within the floor tiling rate. | D67: note
B68: Tiling
A69: 12.3.1 | B69: TI.03 - 300mm x 600mm x 9mm thick tiled flooring, supplied by EARP BROS, Moov Grey, with laticrete spectralock pro premium grout in sterling silver | C69: 115 | D69: m2 | F69: =C69*E69 -> 0
A70: 12.3.2 | B70: TI.04 to wet area - 300mm x 600mm x 9mm thick tiled flooring, supplied by EARP BROS, Moov Grey, with laticrete spectralock pro premium grout in sterling silver | C70: 18 | D70: m2 | F70: =C70*E70 -> 0
B71: Stair
A72: 12.3.3 | B72: Recessed stair nosing | C72: 17.77 | D72: m | F72: =C72*E72 -> 0
A73: 12.3.4 | B73: Re-finish the existing timber stairs landing, treads and rises | C73: 10 | D73: m2 | F73: =C73*E73 -> 0
B74: TOTAL Floor Finishes | F74: =SUM(F69:F73) -> 0
A76: 12.4 | B76: Ceiling Finishes
B77: CEILING FINISHES
B78: Preambles
B79: Finishes
A80: 12.4.1 | B80: Paint to all existing plasterboard ceilings for new 3-coat paint system PA.03 (Dulux Wash&Wear;+Plus Kitchen & Bathroom, Flat white, low sheen), including cleaning. mould treatment and eradication, minor repairs, sanding and priming as required. | C80: 157 | D80: m2 | F80: =C80*E80 -> 0
B81: TOTAL Ceiling Finishes | F81: =SUM(F80) -> 0
A83: 12.5 | B83: Door and Window
B84: DOOR AND WINDOWS
B85: Preambles
B86: Rates are deemed to include the supply and installation of all door hardware and all applied finishes. | D86: note
B87: Doors
A88: 12.5.1 | B88: Refurbishment of existing gate including all preparation, fixings, finishes, adjustments, and making good required to suit installation of new perforated metal screen (900mmW x 1250mmH) | C88: 1 | D88: no | F88: =C88*E88 -> 0
A89: 12.5.2 | B89: Adding new door seals and replacing existing door hardwares as per the door schedule | C89: 13 | D89: no | F89: =C89*E89 -> 0
A90: 12.5.3 | B90: Replacing the leaf finish of D04 to GL.01 new double glazing to match new double glazed windows | C90: 1 | D90: no | F90: =C90*E90 -> 0
B91: TOTAL Door and Window | F91: =SUM(F86:F90) -> 0
A93: 12.6 | B93: Joinery
B94: JOINERY
B95: Preamble
B96: Joinery unit rates are deemed to include the supply and installation of laminated benchtops and tiled splashbacks, complete, unless specifically noted otherwise in the documentation. | D96: note
B97: Robe unit rates are deemed to include the supply and installation of sliding mirrored doors, complete with tracks, guides, and associated fittings. | D97: note
B98: Joinery unit rates are deemed to include all hardware necessary for a complete and functional installation, including soft - close hinges, soft - close runners, fixings, and all incidental hardware. | D98: note
B99: Joinery unit rates are deemed to include all costs associated with delivery to site, handling, positioning, installation, and making good directly affected surfaces. | D99: note
B100: Kitchen
A101: 12.6.1 | B101: JO3a/b – comprising 880mm high under-bench cupboards and drawer units, 800mm high overhead cupboards, tall pantry units and complete with 20mm stone benchtop including waterfall edge and tiled splashback. | C101: 10.65 | D101: m | F101: =C101*E101 -> 0
B102: Laundry
A103: 12.6.2 | B103: JO4a/b - comprising 880mm high under-bench cupboards and drawers, full-height broom cupboard, 20mm stone benchtop, tiled splashback and open shelf, and overhead cupboard above washer/dryer. | C103: 3.6 | D103: m | F103: =C103*E103 -> 0
B104: Robes
A105: 12.6.3 | B105: JO5a – comprising full height built-in sliding door wardrobes to 2700 mm high with 4 panel door system, mirror behind, internal shelving and hanging rails. | C105: 3.14 | D105: m | F105: =C105*E105 -> 0
A106: 12.6.4 | B106: JO5b – comprising full height built-in sliding door wardrobes to 2700 mm high with 2 panel door system, mirror behind, internal shelving and hanging rails. | C106: 2.03 | D106: m | F106: =C106*E106 -> 0
B107: WIR
A108: 12.6.5 | B108: JO7a/b – comprising open walk-in robe joinery with full-height laminate carcass, adjustable shelving, drawer units and hanging rails. | C108: 2.77 | D108: m | F108: =C108*E108 -> 0
B109: Linen
A110: 12.6.6 | B110: JO8a/b – comprising open walk-in linen storage with adjustable shelving to full height in compact laminate to all surfaces | C110: 2.95 | D110: m | F110: =C110*E110 -> 0
...

Sheet H22, H33
A1: DFAT PNG Housing - H22, H33 - PTE
A3: Code | B3: Description | C3: Quantity | D3: UOM | E3: Rate | F3: Total
B5: BUILDING TYPES
A6: 13 | B6: H22, H33
B8: 3 BEDROOM APARTMENT
A10: 13.1 | B10: Demolition
B11: DEMOLITION
B12: Preamble
B13: Rate include disposal of demolition debris | D13: note
B14: Protection
A15: 13.1.1 | B15: Protection of the existing doors and architrave during construction | C15: 14 | D15: no | F15: =C15*E15 -> 0
A16: 13.1.2 | B16: Remove/store the reusable items | C16: 1 | D16: Item | F16: =C16*E16 -> 0
B17: Services Protection
A18: 13.1.3 | B18: Terminating redundant services and capping of existing services including light switches, GPO's Data outlets, TV outlets | C18: 1 | D18: Item | F18: =C18*E18 -> 0
B19: Demolition
A20: 13.1.4 | B20: Removal and disposal of existing joinery and accessories | C20: 10 | D20: m | F20: =C20*E20 -> 0
A21: 13.1.5 | B21: Removal and disposal of existing partition | C21: 6 | D21: m2 | F21: =C21*E21 -> 0
A22: 13.1.6 | B22: Removal and disposal of plasterboard cladding in all existing wardrobes, and make good for new fibre cement sheet | C22: 33 | D22: m2 | F22: =C22*E22 -> 0
A23: 13.1.7 | B23: Removal and disposal of existing wardrobe | C23: 10 | D23: m | F23: =C23*E23 -> 0
A24: 13.1.8 | B24: Removal and disposal of existing door furniture | C24: 12 | D24: no | F24: =C24*E24 -> 0
A25: 13.1.9 | B25: Removal and disposal of existing stair treads, handrail & balustrade | C25: 12 | D25: m | F25: =C25*E25 -> 0
A26: 13.1.10 | B26: Removal and disposal of existing floor finishes | C26: 136 | D26: m2 | F26: =C26*E26 -> 0
A27: 13.1.11 | B27: Removal and disposal of existing shower base | C27: 2 | D27: no | F27: =C27*E27 -> 0
A28: 13.1.12 | B28: Removal and disposal of bath & toilet pan | C28: 1 | D28: item | F28: =C28*E28 -> 0
A29: 13.1.13 | B29: Removal and disposal of existing doors | C29: 1 | D29: no | F29: =C29*E29 -> 0
A30: 13.1.14 | B30: Removal and disposal existing wall tiling | C30: 69 | D30: m2 | F30: =C30*E30 -> 0
A31: 13.1.15 | B31: Removal and disposal internal distribution boards | C31: 1 | D31: no | F31: =C31*E31 -> 0
... A33: 13.1.17 | B33: Removal and disposal of all existing external perimeter windows and security grill including Making good of existing window flashing and DPC's | C33: 44 | D33: m2 | F33: =C33*E33 -> 0
B34: Miscellaneous
A35: 13.1.18 | B35: Removal and disposal of existing general power, wiring, smoke alarms and any other unmeasured items | C35: 1 | D35: Item | F35: =C35*E35 -> 0
A36: 13.1.19 | B36: Removal and disposal of existing lights | C36: 1 | D36: item | F36: =C36*E36 -> 0
A37: 13.1.20 | B37: Removal and disposal all existing ceiling fans, associated controls and make good ceiling | C37: 1 | D37: item | F37: =C37*E37 -> 0
A38: 13.1.21 | B38: All emergency key fittings to be removed | C38: 1 | D38: item | F38: =C38*E38 -> 0
B39: TOTAL Demolition | C39: 194 | D39: m2 | F39: =SUM(F15:F38) -> 0
A41: 13.2 | B41: Wall Finishes/Painting
B42: WALL FINISHES/PAINTING
B43: Preambles
B44: All existing internal walls to be repainted or retiled as applicable, following completion of all patching and surface preparation works. | D44: note
B45: Internal wall surfaces to be prepared to receive new finishes, including filling, sanding, and priming as required. | D45: note
B46: Ceiling painting is excluded from this section and is addressed under Ceiling Finishes | D46: note
B47: New skirting is assumed to be provided to all internal walls, except within wet areas where full-height or partial-height wall tiling is installed. | D47: note
B48: Painting is assumed behind fixed and loose joinery unless noted otherwise. | D48: note
B49: No painting or refinishing works are included to external facade | D49: note
B50: Painting
A51: 13.2.1 | B51: Painting to wall in PA.01 with 3 coat (Dulux Wash&Wear;+Plus, Semigloss/Stain), allow patch to the existing wall | C51: 366 | D51: m2 | F51: =C51*E51 -> 0
B52: Tiling
A53: 13.2.2 | B53: TI.01 wall tiling to wet area - 300mm x 600mm Bright White Porcelain Tiles - Pressed Edge and patching to existing walls | C53: 63 | D53: m2 | F53: =C53*E53 -> 0
A54: 13.2.3 | B54: TI.02 feature wall tiling to wet area - 300mm x 600mm Stage Grey Matt Porcelain Tiles (National Tiles or similar) - Pressed Edge and patching to existing walls | C54: 6 | D54: m2 | F54: =C54*E54 -> 0
A55: 13.2.4 | B55: TI.05 wall tilling to kitchen & laundry - 296 x 297mm Kit Kat White Gloss Porcelain Tiles (Earp Bros or similar), patching to existing walls | C55: 4 | D55: m2 | F55: =C55*E55 -> 0
A56: 13.2.5 | B56: Waterproof membrane to wet areas to Walls & floor | C56: 91 | D56: m2 | F56: =C56*E56 -> 0
B57: Skirting
A58: 13.2.6 | B58: 100mm high laminated skirting, and paint in PA.02 (Dulux Wash&Wear;+Plus Kitchen & Bathroom, Whisper White, SW1C2) | C58: 127 | D58: m | F58: =C58*E58 -> 0
B59: Doors
A60: 13.2.7 | B60: Paint to doors 2-sides in PA.02 (Dulux Wash&Wear;+Plus Kitchen & Bathroom, Whisper White, SW1C2) | C60: 13 | D60: no | F60: =C60*E60 -> 0
B61: TOTAL Wall Finishes/Painting | C61: 194 | D61: m2 | F61: =SUM(F51:F60) -> 0
A63: 13.3 | B63: Floor Finishes
B64: FLOOR FINISHES
B65: Preambles
B66: Floor tiling is assumed to extend beneath all new joinery units to allow for future removal or reconfiguration without requiring floor finishes to be replaced. | D66: note
B67: Any new screed required to achieve levels and falls is deemed to be included within the floor tiling rate. | D67: note
B68: Tiling
A69: 13.3.1 | B69: TI.03 - 300mm x 600mm x 9mm thick tiled flooring, supplied by EARP BROS, Moov Grey, with laticrete spectralock pro premium grout in sterling silver | C69: 115 | D69: m2 | F69: =C69*E69 -> 0
A70: 13.3.2 | B70: TI.04 to wet area - 300mm x 600mm x 9mm thick tiled flooring, supplied by EARP BROS, Moov Grey, with laticrete spectralock pro premium grout in sterling silver | C70: 18 | D70: m2 | F70: =C70*E70 -> 0
B71: Stair
A72: 13.3.3 | B72: Recessed stair nosing | C72: 17.77 | D72: m | F72: =C72*E72 -> 0
A73: 13.3.4 | B73: Re-finish the existing timber stairs landing, treads and rises | C73: 10 | D73: m2 | F73: =C73*E73 -> 0
B74: TOTAL Floor Finishes | C74: 194 | D74: m2 | F74: =SUM(F69:F73) -> 0
A76: 13.4 | B76: Ceiling Finishes
B77: CEILING FINISHES
B78: Preambles
B79: Finishes
A80: 13.4.1 | B80: Paint to all existing plasterboard ceilings for new 3-coat paint system PA.03 (Dulux Wash&Wear;+Plus Kitchen & Bathroom, Flat white, low sheen), including cleaning. mould treatment and eradication, minor repairs, sanding and priming as required. | C80: 157 | D80: m2 | F80: =C80*E80 -> 0
B81: TOTAL Ceiling Finishes | C81: 194 | D81: m2 | F81: =SUM(F80) -> 0
A83: 13.5 | B83: Door and Window
B84: DOOR AND WINDOWS
B85: Preambles
B86: Rates are deemed to include the supply and installation of all door hardware and all applied finishes. | D86: note
B87: Doors
A88: 13.5.1 | B88: Refurbishment of existing gate including all preparation, fixings, finishes, adjustments, and making good required to suit installation of new perforated metal screen (900mmW x 1250mmH) | C88: 1 | D88: no | F88: =C88*E88 -> 0
A89: 13.5.2 | B89: Adding new door seals and replacing existing door hardwares as per the door schedule | C89: 12 | D89: no | F89: =C89*E89 -> 0
A90: 13.5.3 | B90: Replacing the leaf finish of D04 to GL.01 new double glazing to match new double glazed windows | C90: 2 | D90: no | F90: =C90*E90 -> 0
B91: TOTAL Door and Window | F91: =SUM(F86:F90) -> 0
A93: 13.6 | B93: Joinery
B94: JOINERY
B95: Preamble
B96: Joinery unit rates are deemed to include the supply and installation of laminated benchtops and tiled splashbacks, complete, unless specifically noted otherwise in the documentation. | D96: note
B97: Robe unit rates are deemed to include the supply and installation of sliding mirrored doors, complete with tracks, guides, and associated fittings. | D97: note
B98: Joinery unit rates are deemed to include all hardware necessary for a complete and functional installation, including soft - close hinges, soft - close runners, fixings, and all incidental hardware. | D98: note
B99: Joinery unit rates are deemed to include all costs associated with delivery to site, handling, positioning, installation, and making good directly affected surfaces. | D99: note
B100: Kitchen
A101: 13.6.1 | B101: JO3a/b – comprising 880mm high under-bench cupboards and drawer units, 800mm high overhead cupboards, tall pantry units and complete with 20mm stone benchtop including waterfall edge and tiled splashback. | C101: 10.65 | D101: m | F101: =C101*E101 -> 0
B102: Laundry
A103: 13.6.2 | B103: JO4a/b - comprising 880mm high under-bench cupboards and drawers, full-height broom cupboard, 20mm stone benchtop, tiled splashback and open shelf, and overhead cupboard above washer/dryer. | C103: 3.6 | D103: m | F103: =C103*E103 -> 0
B104: Robes
A105: 13.6.3 | B105: JO5a – comprising full height built-in sliding door wardrobes to 2700 mm high with 4 panel door system, mirror behind, internal shelving and hanging rails. | C105: 3.14 | D105: m | F105: =C105*E105 -> 0
A106: 13.6.4 | B106: JO5b – comprising full height built-in sliding door wardrobes to 2700 mm high with 2 panel door system, mirror behind, internal shelving and hanging rails. | C106: 2.03 | D106: m | F106: =C106*E106 -> 0
B107: WIR
A108: 13.6.5 | B108: JO7a/b – comprising open walk-in robe joinery with full-height laminate carcass, adjustable shelving, drawer units and hanging rails. | C108: 2.77 | D108: m | F108: =C108*E108 -> 0
B109: Linen
A110: 13.6.7 | B110: JO8a/b – comprising open walk-in linen storage with adjustable shelving to full height in compact laminate to all surfaces | C110: 2.95 | D110: m | F110: =C110*E110 -> 0
...

Sheet H24, H17
A1: DFAT PNG Housing - H24, H 17 - PTE
A3: Code | B3: Description | C3: Quantity | D3: UOM | E3: Rate | F3: Total
B5: BUILDING TYPES
A6: 14 | B6: H24, H17
B8: 4 BEDROOM APARTMENT
A10: 14.1 | B10: Demolition
B11: DEMOLITION
B12: Preamble
B13: Rate include disposal of demolition debris | D13: note
B14: Protection
A15: 14.1.1 | B15: Protection of the existing doors and architrave during construction | C15: 14 | D15: no | F15: =C15*E15 -> 0
A16: 14.1.2 | B16: Remove/store the reusable items | C16: 1 | D16: Item | F16: =C16*E16 -> 0
B17: Services Protection
A18: 14.1.3 | B18: Terminating redundant services and capping of existing services including light switches, GPO's Data outlets, TV outlets | C18: 1 | D18: Item | F18: =C18*E18 -> 0
B19: Demolition
A20: 14.1.4 | B20: Removal and disposal of existing joinery and accessories | C20: 11 | D20: m | F20: =C20*E20 -> 0
A21: 14.1.5 | B21: Removal and disposal of existing partition | C21: 6 | D21: m2 | F21: =C21*E21 -> 0
A22: 14.1.6 | B22: Removal and disposal of plasterboard cladding in all existing wardrobes, and make good for new fibre cement sheet | C22: 48 | D22: m2 | F22: =C22*E22 -> 0
A23: 14.1.7 | B23: Removal and disposal of existing wardrobe | C23: 11 | D23: m | F23: =C23*E23 -> 0
A24: 14.1.8 | B24: Removal and disposal of existing door furniture | C24: 13 | D24: no | F24: =C24*E24 -> 0
A25: 14.1.9 | B25: Removal and disposal of existing stair treads, handrail & balustrade | C25: 9 | D25: m | F25: =C25*E25 -> 0
A26: 14.1.10 | B26: Removal and disposal of existing floor finishes | C26: 155 | D26: m2 | F26: =C26*E26 -> 0
A27: 14.1.11 | B27: Removal and disposal of existing shower base | C27: 2 | D27: no | F27: =C27*E27 -> 0
A28: 14.1.12 | B28: Removal and disposal of bath & toilet pan | C28: 1 | D28: item | F28: =C28*E28 -> 0
A29: 14.1.13 | B29: Removal and disposal of existing doors | C29: 1 | D29: no | F29: =C29*E29 -> 0
A30: 14.1.14 | B30: Removal and disposal existing wall tiling | C30: 72 | D30: m2 | F30: =C30*E30 -> 0
A31: 14.1.15 | B31: Removal and disposal internal distribution boards | C31: 1 | D31: no | F31: =C31*E31 -> 0
... A33: 14.1.17 | B33: Removal and disposal of all existing external perimeter windows and security grill including Making good of existing window flashing and DPC's | C33: 53 | D33: m2 | F33: =C33*E33 -> 0
B34: Miscellaneous
A35: 14.1.18 | B35: Removal and disposal of existing general power, wiring, smoke alarms and any other unmeasured items | C35: 1 | D35: Item | F35: =C35*E35 -> 0
A36: 14.1.19 | B36: Removal and disposal of existing lights | C36: 1 | D36: item | F36: =C36*E36 -> 0
A37: 14.1.20 | B37: Removal and disposal all existing ceiling fans, associated controls and make good ceiling | C37: 1 | D37: item | F37: =C37*E37 -> 0
A38: 14.1.21 | B38: All emergency key fittings to be removed | C38: 1 | D38: item | F38: =C38*E38 -> 0
B39: TOTAL Demolition | F39: =SUM(F15:F38) -> 0
A41: 14.2 | B41: Wall Finishes/Painting
B42: WALL FINISHES/PAINTING
B43: Preambles
B44: All existing internal walls to be repainted or retiled as applicable, following completion of all patching and surface preparation works. | D44: note
B45: Internal wall surfaces to be prepared to receive new finishes, including filling, sanding, and priming as required. | D45: note
B46: Ceiling painting is excluded from this section and is addressed under Ceiling Finishes | D46: note
B47: New skirting is assumed to be provided to all internal walls, except within wet areas where full-height or partial-height wall tiling is installed. | D47: note
B48: Painting is assumed behind fixed and loose joinery unless noted otherwise. | D48: note
B49: No painting or refinishing works are included to external facade | D49: note
B50: Painting
A51: 14.2.1 | B51: Painting to wall in PA.01 with 3 coat (Dulux Wash&Wear;+Plus, Semigloss/Stain), allow patch to the existing wall | C51: 406 | D51: m2 | F51: =C51*E51 -> 0
B52: Tiling
A53: 14.2.2 | B53: TI.01 wall tiling to wet area - 300mm x 600mm Bright White Porcelain Tiles - Pressed Edge and patching to existing walls | C53: 66 | D53: m2 | F53: =C53*E53 -> 0
A54: 14.2.3 | B54: TI.02 feature wall tiling to wet area - 300mm x 600mm Stage Grey Matt Porcelain Tiles (National Tiles or similar) - Pressed Edge and patching to existing walls | C54: 7 | D54: m2 | F54: =C54*E54 -> 0
A55: 14.2.4 | B55: TI.05 wall tilling to kitchen & laundry - 296 x 297mm Kit Kat White Gloss Porcelain Tiles (Earp Bros or similar), patching to existing walls | C55: 4 | D55: m2 | F55: =C55*E55 -> 0
A56: 14.2.5 | B56: Waterproof membrane to wet areas to Walls & floor | C56: 95 | D56: m2 | F56: =C56*E56 -> 0
B57: Skirting
A58: 14.2.6 | B58: 100mm high laminated skirting, and paint in PA.02 (Dulux Wash&Wear;+Plus Kitchen & Bathroom, Whisper White, SW1C2) | C58: 134 | D58: m | F58: =C58*E58 -> 0
B59: Doors
A60: 14.2.7 | B60: Paint to doors 2-sides in PA.02 (Dulux Wash&Wear;+Plus Kitchen & Bathroom, Whisper White, SW1C2) | C60: 13 | D60: no | F60: =C60*E60 -> 0
B61: TOTAL Wall Finishes/Painting | F61: =SUM(F51:F60) -> 0
A63: 14.3 | B63: Floor Finishes
B64: FLOOR FINISHES
B65: Preambles
B66: Floor tiling is assumed to extend beneath all new joinery units to allow for future removal or reconfiguration without requiring floor finishes to be replaced. | D66: note
B67: Any new screed required to achieve levels and falls is deemed to be included within the floor tiling rate. | D67: note
B68: Tiling
A69: 14.3.1 | B69: TI.03 - 300mm x 600mm x 9mm thick tiled flooring, supplied by EARP BROS, Moov Grey, with laticrete spectralock pro premium grout in sterling silver | C69: 134 | D69: m2 | F69: =C69*E69 -> 0
A70: 14.3.2 | B70: TI.04 to wet area - 300mm x 600mm x 9mm thick tiled flooring, supplied by EARP BROS, Moov Grey, with laticrete spectralock pro premium grout in sterling silver | C70: 18 | D70: m2 | F70: =C70*E70 -> 0
B71: Stair
A72: 14.3.3 | B72: Recessed stair nosing | C72: 17.77 | D72: m | F72: =C72*E72 -> 0
A73: 14.3.4 | B73: Re-finish the existing timber stairs landing, treads and rises | C73: 10 | D73: m2 | F73: =C73*E73 -> 0
B74: TOTAL Floor Finishes | F74: =SUM(F69:F73) -> 0
A76: 14.4 | B76: Ceiling Finishes
B77: CEILING FINISHES
B78: Preambles
B79: Finishes
A80: 14.4.1 | B80: Paint to all existing plasterboard ceilings for new 3-coat paint system PA.03 (Dulux Wash&Wear;+Plus Kitchen & Bathroom, Flat white, low sheen), including cleaning. mould treatment and eradication, minor repairs, sanding and priming as required. | C80: 177 | D80: m2 | F80: =C80*E80 -> 0
B81: TOTAL Ceiling Finishes | F81: =SUM(F80) -> 0
A83: 14.5 | B83: Door and Window
B84: DOOR AND WINDOWS
B85: Preambles
B86: Rates are deemed to include the supply and installation of all door hardware and all applied finishes. | D86: note
B87: Doors
A88: 14.5.1 | B88: Refurbishment of existing gate including all preparation, fixings, finishes, adjustments, and making good required to suit installation of new perforated metal screen (900mmW x 1250mmH) | C88: 1 | D88: no | F88: =C88*E88 -> 0
A89: 14.5.2 | B89: Adding new door seals and replacing existing door hardwares as per the door schedule | C89: 13 | D89: no | F89: =C89*E89 -> 0
A90: 14.5.3 | B90: Replacing the leaf finish of D04 to GL.01 new double glazing to match new double glazed windows | C90: 3 | D90: no | F90: =C90*E90 -> 0
B91: TOTAL Door and Window | F91: =SUM(F86:F90) -> 0
A93: 14.6 | B93: Joinery
B94: JOINERY
B95: Preamble
B96: Joinery unit rates are deemed to include the supply and installation of laminated benchtops and tiled splashbacks, complete, unless specifically noted otherwise in the documentation. | D96: note
B97: Robe unit rates are deemed to include the supply and installation of sliding mirrored doors, complete with tracks, guides, and associated fittings. | D97: note
B98: Joinery unit rates are deemed to include all hardware necessary for a complete and functional installation, including soft - close hinges, soft - close runners, fixings, and all incidental hardware. | D98: note
B99: Joinery unit rates are deemed to include all costs associated with delivery to site, handling, positioning, installation, and making good directly affected surfaces. | D99: note
B100: Kitchen
A101: 14.6.1 | B101: JO3a/b – comprising 880mm high under-bench cupboards and drawer units, 800mm high overhead cupboards, tall pantry units and complete with 20mm stone benchtop including waterfall edge and tiled splashback. | C101: 10.65 | D101: m | F101: =C101*E101 -> 0
B102: Laundry
A103: 14.6.2 | B103: JO4a/b - comprising 880mm high under-bench cupboards and drawers, full-height broom cupboard, 20mm stone benchtop, tiled splashback and open shelf, and overhead cupboard above washer/dryer. | C103: 3.6 | D103: m | F103: =C103*E103 -> 0
B104: Robes
A105: 14.6.3 | B105: JO5a – comprising full height built-in sliding door wardrobes to 2700 mm high with 4 panel door system, mirror behind, internal shelving and hanging rails. | C105: 3.14 | D105: m | F105: =C105*E105 -> 0
A106: 14.6.4 | B106: JO5b – comprising full height built-in sliding door wardrobes to 2700 mm high with 2 panel door system, mirror behind, internal shelving and hanging rails. | C106: 3.62 | D106: m | F106: =C106*E106 -> 0
B107: WIR
A108: 14.6.5 | B108: JO7a/b – comprising open walk-in robe joinery with full-height laminate carcass, adjustable shelving, drawer units and hanging rails. | C108: 2.77 | D108: m | F108: =C108*E108 -> 0
B109: Linen
A110: 14.6.6 | B110: JO6 – comprising full-height sliding door linen cupboard to 2700mm high with 3 panel door system, hang rail and shelving. | C110: 2.04 | D110: m | F110: =C110*E110 -> 0
...

Sheet H25, H29
A1: DFAT PNG Housing - H25, H29 - PTE
A3: Code | B3: Description | C3: Quantity | D3: UOM | E3: Rate | F3: Total
B5: BUILDING TYPES
A6: 15 | B6: H25, H29
B8: 4 BEDROOM APARTMENT
A10: 15.1 | B10: Demolition
B11: DEMOLITION
B12: Preamble
B13: Rate include disposal of demolition debris | D13: note
B14: Protection
A15: 15.1.1 | B15: Protection of the existing doors and architrave during construction | C15: 14 | D15: no | F15: =C15*E15 -> 0
A16: 15.1.2 | B16: Remove/store the reusable items | C16: 1 | D16: Item | F16: =C16*E16 -> 0
B17: Services Protection
A18: 15.1.3 | B18: Terminating redundant services and capping of existing services including light switches, GPO's Data outlets, TV outlets | C18: 1 | D18: Item | F18: =C18*E18 -> 0
B19: Demolition
A20: 15.1.4 | B20: Removal and disposal of existing joinery and accessories | C20: 11 | D20: m | F20: =C20*E20 -> 0
A21: 15.1.5 | B21: Removal and disposal of existing partition | C21: 6 | D21: m2 | F21: =C21*E21 -> 0
A22: 15.1.6 | B22: Removal and disposal of plasterboard cladding in all existing wardrobes, and make good for new fibre cement sheet | C22: 50 | D22: m2 | F22: =C22*E22 -> 0
A23: 15.1.7 | B23: Removal and disposal of existing wardrobe | C23: 11 | D23: m | F23: =C23*E23 -> 0
A24: 15.1.8 | B24: Removal and disposal of existing door furniture | C24: 13 | D24: no | F24: =C24*E24 -> 0
A25: 15.1.9 | B25: Removal and disposal of existing stair treads, handrail & balustrade | C25: 10 | D25: m | F25: =C25*E25 -> 0
A26: 15.1.10 | B26: Removal and disposal of existing floor finishes | C26: 155 | D26: m2 | F26: =C26*E26 -> 0
A27: 15.1.11 | B27: Removal and disposal of existing shower base | C27: 2 | D27: no | F27: =C27*E27 -> 0
A28: 15.1.12 | B28: Removal and disposal of bath & toilet pan | C28: 1 | D28: item | F28: =C28*E28 -> 0
A29: 15.1.13 | B29: Removal and disposal of existing doors | C29: 1 | D29: no | F29: =C29*E29 -> 0
A30: 15.1.14 | B30: Removal and disposal existing wall tiling | C30: 72 | D30: m2 | F30: =C30*E30 -> 0
A31: 15.1.15 | B31: Removal and disposal internal distribution boards | C31: 1 | D31: no | F31: =C31*E31 -> 0
... A33: 15.1.17 | B33: Removal and disposal of all existing external perimeter windows and security grill including Making good of existing window flashing and DPC's | C33: 46 | D33: m2 | F33: =C33*E33 -> 0
B34: Miscellaneous
A35: 15.1.18 | B35: Removal and disposal of existing general power, wiring, smoke alarms and any other unmeasured items | C35: 1 | D35: Item | F35: =C35*E35 -> 0
A36: 15.1.19 | B36: Removal and disposal of existing lights | C36: 1 | D36: item | F36: =C36*E36 -> 0
A37: 15.1.20 | B37: Removal and disposal all existing ceiling fans, associated controls and make good ceiling | C37: 1 | D37: item | F37: =C37*E37 -> 0
A38: 15.1.21 | B38: All emergency key fittings to be removed | C38: 1 | D38: item | F38: =C38*E38 -> 0
B39: TOTAL Demolition | F39: =SUM(F15:F38) -> 0
A41: 15.2 | B41: Wall Finishes/Painting
B42: WALL FINISHES/PAINTING
B43: Preambles
B44: All existing internal walls to be repainted or retiled as applicable, following completion of all patching and surface preparation works. | D44: note
B45: Internal wall surfaces to be prepared to receive new finishes, including filling, sanding, and priming as required. | D45: note
B46: Ceiling painting is excluded from this section and is addressed under Ceiling Finishes | D46: note
B47: New skirting is assumed to be provided to all internal walls, except within wet areas where full-height or partial-height wall tiling is installed. | D47: note
B48: Painting is assumed behind fixed and loose joinery unless noted otherwise. | D48: note
B49: No painting or refinishing works are included to external facade | D49: note
B50: Painting
A51: 15.2.1 | B51: Painting to wall in PA.01 with 3 coat (Dulux Wash&Wear;+Plus, Semigloss/Stain), allow patch to the existing wall | C51: 413 | D51: m2 | F51: =C51*E51 -> 0
B52: Tiling
A53: 15.2.2 | B53: TI.01 wall tiling to wet area - 300mm x 600mm Bright White Porcelain Tiles - Pressed Edge and patching to existing walls | C53: 67 | D53: m2 | F53: =C53*E53 -> 0
A54: 15.2.3 | B54: TI.02 feature wall tiling to wet area - 300mm x 600mm Stage Grey Matt Porcelain Tiles (National Tiles or similar) - Pressed Edge and patching to existing walls | C54: 7 | D54: m2 | F54: =C54*E54 -> 0
A55: 15.2.4 | B55: TI.05 wall tilling to kitchen & laundry - 296 x 297mm Kit Kat White Gloss Porcelain Tiles (Earp Bros or similar), patching to existing walls | C55: 4 | D55: m2 | F55: =C55*E55 -> 0
A56: 15.2.5 | B56: Waterproof membrane to wet areas to Walls & floor | C56: 96 | D56: m2 | F56: =C56*E56 -> 0
B57: Skirting
A58: 15.2.6 | B58: 100mm high laminated skirting, and paint in PA.02 (Dulux Wash&Wear;+Plus Kitchen & Bathroom, Whisper White, SW1C2) | C58: 145 | D58: m | F58: =C58*E58 -> 0
B59: Doors
A60: 15.2.7 | B60: Paint to doors 2-sides in PA.02 (Dulux Wash&Wear;+Plus Kitchen & Bathroom, Whisper White, SW1C2) | C60: 13 | D60: no | F60: =C60*E60 -> 0
B61: TOTAL Wall Finishes/Painting | F61: =SUM(F51:F60) -> 0
A63: 15.3 | B63: Floor Finishes
B64: FLOOR FINISHES
B65: Preambles
B66: Floor tiling is assumed to extend beneath all new joinery units to allow for future removal or reconfiguration without requiring floor finishes to be replaced. | D66: note
B67: Any new screed required to achieve levels and falls is deemed to be included within the floor tiling rate. | D67: note
B68: Tiling
A69: 15.3.1 | B69: TI.03 - 300mm x 600mm x 9mm thick tiled flooring, supplied by EARP BROS, Moov Grey, with laticrete spectralock pro premium grout in sterling silver | C69: 134 | D69: m2 | F69: =C69*E69 -> 0
A70: 15.3.2 | B70: TI.04 to wet area - 300mm x 600mm x 9mm thick tiled flooring, supplied by EARP BROS, Moov Grey, with laticrete spectralock pro premium grout in sterling silver | C70: 18 | D70: m2 | F70: =C70*E70 -> 0
B71: Stair
A72: 15.3.3 | B72: Recessed stair nosing | C72: 17.77 | D72: m | F72: =C72*E72 -> 0
A73: 15.3.4 | B73: Re-finish the existing timber stairs landing, treads and rises | C73: 10 | D73: m2 | F73: =C73*E73 -> 0
B74: TOTAL Floor Finishes | F74: =SUM(F69:F73) -> 0
A76: 15.4 | B76: Ceiling Finishes
B77: CEILING FINISHES
B78: Preambles
B79: Finishes
A80: 15.4.1 | B80: Paint to all existing plasterboard ceilings for new 3-coat paint system PA.03 (Dulux Wash&Wear;+Plus Kitchen & Bathroom, Flat white, low sheen), including cleaning. mould treatment and eradication, minor repairs, sanding and priming as required. | C80: 178 | D80: m2 | F80: =C80*E80 -> 0
B81: TOTAL Ceiling Finishes | F81: =SUM(F80) -> 0
A83: 15.5 | B83: Door and Window
B84: DOOR AND WINDOWS
B85: Preambles
B86: Rates are deemed to include the supply and installation of all door hardware and all applied finishes. | D86: note
B87: Doors
A88: 15.5.1 | B88: Refurbishment of existing gate including all preparation, fixings, finishes, adjustments, and making good required to suit installation of new perforated metal screen (900mmW x 1250mmH) | C88: 1 | D88: no | F88: =C88*E88 -> 0
A89: 15.5.2 | B89: Adding new door seals and replacing existing door hardwares as per the door schedule | C89: 13 | D89: no | F89: =C89*E89 -> 0
A90: 15.5.3 | B90: Replacing the leaf finish of D04 to GL.01 new double glazing to match new double glazed windows | C90: 1 | D90: no | F90: =C90*E90 -> 0
B91: TOTAL Door and Window | F91: =SUM(F86:F90) -> 0
A93: 15.6 | B93: Joinery
B94: JOINERY
B95: Preamble
B96: Joinery unit rates are deemed to include the supply and installation of laminated benchtops and tiled splashbacks, complete, unless specifically noted otherwise in the documentation. | D96: note
B97: Robe unit rates are deemed to include the supply and installation of sliding mirrored doors, complete with tracks, guides, and associated fittings. | D97: note
B98: Joinery unit rates are deemed to include all hardware necessary for a complete and functional installation, including soft - close hinges, soft - close runners, fixings, and all incidental hardware. | D98: note
B99: Joinery unit rates are deemed to include all costs associated with delivery to site, handling, positioning, installation, and making good directly affected surfaces. | D99: note
B100: Kitchen
A101: 15.6.1 | B101: JO3a/b – comprising 880mm high under-bench cupboards and drawer units, 800mm high overhead cupboards, tall pantry units and complete with 20mm stone benchtop including waterfall edge and tiled splashback. | C101: 10.65 | D101: m | F101: =C101*E101 -> 0
B102: Laundry
A103: 15.6.2 | B103: JO4a/b - comprising 880mm high under-bench cupboards and drawers, full-height broom cupboard, 20mm stone benchtop, tiled splashback and open shelf, and overhead cupboard above washer/dryer. | C103: 3.6 | D103: m | F103: =C103*E103 -> 0
B104: Robes
A105: 15.6.3 | B105: JO5a – comprising full height built-in sliding door wardrobes to 2700 mm high with 4 panel door system, mirror behind, internal shelving and hanging rails. | C105: 3.14 | D105: m | F105: =C105*E105 -> 0
A106: 15.6.4 | B106: JO5b – comprising full height built-in sliding door wardrobes to 2700 mm high with 2 panel door system, mirror behind, internal shelving and hanging rails. | C106: 3.65 | D106: m | F106: =C106*E106 -> 0
B107: WIR
A108: 15.6.5 | B108: JO7a/b – comprising open walk-in robe joinery with full-height laminate carcass, adjustable shelving, drawer units and hanging rails. | C108: 2.78 | D108: m | F108: =C108*E108 -> 0
B109: Linen
A110: 15.6.6 | B110: JO6 – comprising full-height sliding door linen cupboard to 2700mm high with 3 panel door system, hang rail and shelving. | C110: 2.07 | D110: m | F110: =C110*E110 -> 0
...

Sheet Preamble
A1: DFAT PNG Housing - Project 2 - PTE
A3: Code | B3: Description | C3: Unit | D3: Quantity | E3: Rate | F3: Amount
B4: PREAMBLE
B6: Tenderers must provide a full breakdown of the Contract Fixed Lump Sum as a fully costed Bill of Quantities (BOQ). This breakdown is to be provided against the individual items included in a BOQ. This template is an example only and should be adapted to suit the Tenderers needs. This BOQ provides indicative line items and quantities only, Tenderers must undertake their own due diligence when providing their BOQ. - The PDF version of the BOQ must be completed and returned as part of the Tender submission. - The Excel spreadsheet is provided for information and pricing assistance only and does not form part of the Tender submission. | C6: Note
C8: Note
C10: Note
C13: Note

Sheet H28, H32
A1: DFAT PNG Housing - H28, H32 - PTE
A3: Code | B3: Description | C3: Quantity | D3: UOM | E3: Rate | F3: Total
B5: BUILDING TYPES
A6: 16 | B6: H28, H32
B8: 4 BEDROOM APARTMENT
A10: 16.1 | B10: Demolition
B11: DEMOLITION
B12: Preamble
B13: Rate include disposal of demolition debris | D13: note
B14: Protection
A15: 16.1.1 | B15: Protection of the existing doors and architrave during construction | C15: 14 | D15: no | F15: =C15*E15 -> 0
A16: 16.1.2 | B16: Remove/store the reusable items | C16: 1 | D16: Item | F16: =C16*E16 -> 0
B17: Services Protection
A18: 16.1.3 | B18: Terminating redundant services and capping of existing services including light switches, GPO's Data outlets, TV outlets | C18: 1 | D18: Item | F18: =C18*E18 -> 0
B19: Demolition
A20: 16.1.4 | B20: Removal and disposal of existing joinery and accessories | C20: 11 | D20: m | F20: =C20*E20 -> 0
A21: 16.1.5 | B21: Removal and disposal of existing partition | C21: 6 | D21: m2 | F21: =C21*E21 -> 0
A22: 16.1.6 | B22: Removal and disposal of plasterboard cladding in all existing wardrobes, and make good for new fibre cement sheet | C22: 50 | D22: m2 | F22: =C22*E22 -> 0
A23: 16.1.7 | B23: Removal and disposal of existing wardrobe | C23: 11 | D23: m | F23: =C23*E23 -> 0
A24: 16.1.8 | B24: Removal and disposal of existing door furniture | C24: 13 | D24: no | F24: =C24*E24 -> 0
A25: 16.1.9 | B25: Removal and disposal of existing stair treads, handrail & balustrade | C25: 10 | D25: m | F25: =C25*E25 -> 0
A26: 16.1.10 | B26: Removal and disposal of existing floor finishes | C26: 155 | D26: m2 | F26: =C26*E26 -> 0
A27: 16.1.11 | B27: Removal and disposal of existing shower base | C27: 2 | D27: no | F27: =C27*E27 -> 0
A28: 16.1.12 | B28: Removal and disposal of bath & toilet pan | C28: 1 | D28: item | F28: =C28*E28 -> 0
A29: 16.1.13 | B29: Removal and disposal of existing doors | C29: 1 | D29: no | F29: =C29*E29 -> 0
A30: 16.1.14 | B30: Removal and disposal existing wall tiling | C30: 72 | D30: m2 | F30: =C30*E30 -> 0
A31: 16.1.15 | B31: Removal and disposal internal distribution boards | C31: 1 | D31: no | F31: =C31*E31 -> 0
... A33: 16.1.17 | B33: Removal and disposal of all existing external perimeter windows and security grill including Making good of existing window flashing and DPC's | C33: 52 | D33: m2 | F33: =C33*E33 -> 0
B34: Miscellaneous
A35: 16.1.18 | B35: Removal and disposal of existing general power, wiring, smoke alarms and any other unmeasured items | C35: 1 | D35: Item | F35: =C35*E35 -> 0
A36: 16.1.19 | B36: Removal and disposal of existing lights | C36: 1 | D36: item | F36: =C36*E36 -> 0
A37: 16.1.20 | B37: Removal and disposal all existing ceiling fans, associated controls and make good ceiling | C37: 1 | D37: item | F37: =C37*E37 -> 0
A38: 16.1.21 | B38: All emergency key fittings to be removed | C38: 1 | D38: item | F38: =C38*E38 -> 0
B39: TOTAL Demolition | F39: =SUM(F15:F38) -> 0
A41: 16.2 | B41: Wall Finishes/Painting
B42: WALL FINISHES/PAINTING
B43: Preambles
B44: All existing internal walls to be repainted or retiled as applicable, following completion of all patching and surface preparation works. | D44: note
B45: Internal wall surfaces to be prepared to receive new finishes, including filling, sanding, and priming as required. | D45: note
B46: Ceiling painting is excluded from this section and is addressed under Ceiling Finishes | D46: note
B47: New skirting is assumed to be provided to all internal walls, except within wet areas where full-height or partial-height wall tiling is installed. | D47: note
B48: Painting is assumed behind fixed and loose joinery unless noted otherwise. | D48: note
B49: No painting or refinishing works are included to external facade | D49: note
B50: Painting
A51: 16.2.1 | B51: Painting to wall in PA.01 with 3 coat (Dulux Wash&Wear;+Plus, Semigloss/Stain), allow patch to the existing wall | C51: 407 | D51: m2 | F51: =C51*E51 -> 0
B52: Tiling
A53: 16.2.2 | B53: TI.01 wall tiling to wet area - 300mm x 600mm Bright White Porcelain Tiles - Pressed Edge and patching to existing walls | C53: 67 | D53: m2 | F53: =C53*E53 -> 0
A54: 16.2.3 | B54: TI.02 feature wall tiling to wet area - 300mm x 600mm Stage Grey Matt Porcelain Tiles (National Tiles or similar) - Pressed Edge and patching to existing walls | C54: 7 | D54: m2 | F54: =C54*E54 -> 0
A55: 16.2.4 | B55: TI.05 wall tilling to kitchen & laundry - 296 x 297mm Kit Kat White Gloss Porcelain Tiles (Earp Bros or similar), patching to existing walls | C55: 4 | D55: m2 | F55: =C55*E55 -> 0
A56: 16.2.5 | B56: Waterproof membrane to wet areas to Walls & floor | C56: 96 | D56: m2 | F56: =C56*E56 -> 0
B57: Skirting
A58: 16.2.6 | B58: 100mm high laminated skirting, and paint in PA.02 (Dulux Wash&Wear;+Plus Kitchen & Bathroom, Whisper White, SW1C2) | C58: 145 | D58: m | F58: =C58*E58 -> 0
B59: Doors
A60: 16.2.7 | B60: Paint to doors 2-sides in PA.02 (Dulux Wash&Wear;+Plus Kitchen & Bathroom, Whisper White, SW1C2) | C60: 13 | D60: no | F60: =C60*E60 -> 0
B61: TOTAL Wall Finishes/Painting | F61: =SUM(F51:F60) -> 0
A63: 16.3 | B63: Floor Finishes
B64: FLOOR FINISHES
B65: Preambles
B66: Floor tiling is assumed to extend beneath all new joinery units to allow for future removal or reconfiguration without requiring floor finishes to be replaced. | D66: note
B67: Any new screed required to achieve levels and falls is deemed to be included within the floor tiling rate. | D67: note
B68: Tiling
A69: 16.3.1 | B69: TI.03 - 300mm x 600mm x 9mm thick tiled flooring, supplied by EARP BROS, Moov Grey, with laticrete spectralock pro premium grout in sterling silver | C69: 134 | D69: m2 | F69: =C69*E69 -> 0
A70: 16.3.2 | B70: TI.04 to wet area - 300mm x 600mm x 9mm thick tiled flooring, supplied by EARP BROS, Moov Grey, with laticrete spectralock pro premium grout in sterling silver | C70: 18 | D70: m2 | F70: =C70*E70 -> 0
B71: Stair
A72: 16.3.3 | B72: Recessed stair nosing | C72: 17.77 | D72: m | F72: =C72*E72 -> 0
A73: 16.3.4 | B73: Re-finish the existing timber stairs landing, treads and rises | C73: 10 | D73: m2 | F73: =C73*E73 -> 0
B74: TOTAL Floor Finishes | F74: =SUM(F69:F73) -> 0
A76: 16.4 | B76: Ceiling Finishes
B77: CEILING FINISHES
B78: Preambles
B79: Finishes
A80: 16.4.1 | B80: Paint to all existing plasterboard ceilings for new 3-coat paint system PA.03 (Dulux Wash&Wear;+Plus Kitchen & Bathroom, Flat white, low sheen), including cleaning. mould treatment and eradication, minor repairs, sanding and priming as required. | C80: 178 | D80: m2 | F80: =C80*E80 -> 0
B81: TOTAL Ceiling Finishes | F81: =SUM(F80) -> 0
A83: 16.5 | B83: Door and Window
B84: DOOR AND WINDOWS
B85: Preambles
B86: Rates are deemed to include the supply and installation of all door hardware and all applied finishes. | D86: note
B87: Doors
A88: 16.5.1 | B88: Refurbishment of existing gate including all preparation, fixings, finishes, adjustments, and making good required to suit installation of new perforated metal screen (900mmW x 1250mmH) | C88: 1 | D88: no | F88: =C88*E88 -> 0
A89: 16.5.2 | B89: Adding new door seals and replacing existing door hardwares as per the door schedule | C89: 13 | D89: no | F89: =C89*E89 -> 0
A90: 16.5.3 | B90: Replacing the leaf finish of D04 to GL.01 new double glazing to match new double glazed windows | C90: 1 | D90: no | F90: =C90*E90 -> 0
B91: TOTAL Door and Window | F91: =SUM(F86:F90) -> 0
A93: 16.6 | B93: Joinery
B94: JOINERY
B95: Preamble
B96: Joinery unit rates are deemed to include the supply and installation of laminated benchtops and tiled splashbacks, complete, unless specifically noted otherwise in the documentation. | D96: note
B97: Robe unit rates are deemed to include the supply and installation of sliding mirrored doors, complete with tracks, guides, and associated fittings. | D97: note
B98: Joinery unit rates are deemed to include all hardware necessary for a complete and functional installation, including soft - close hinges, soft - close runners, fixings, and all incidental hardware. | D98: note
B99: Joinery unit rates are deemed to include all costs associated with delivery to site, handling, positioning, installation, and making good directly affected surfaces. | D99: note
B100: Kitchen
A101: 16.6.1 | B101: JO3a/b – comprising 880mm high under-bench cupboards and drawer units, 800mm high overhead cupboards, tall pantry units and complete with 20mm stone benchtop including waterfall edge and tiled splashback. | C101: 10.65 | D101: m | F101: =C101*E101 -> 0
B102: Laundry
A103: 16.6.2 | B103: JO4a/b - comprising 880mm high under-bench cupboards and drawers, full-height broom cupboard, 20mm stone benchtop, tiled splashback and open shelf, and overhead cupboard above washer/dryer. | C103: 3.6 | D103: m | F103: =C103*E103 -> 0
B104: Robes
A105: 16.6.3 | B105: JO5a – comprising full height built-in sliding door wardrobes to 2700 mm high with 4 panel door system, mirror behind, internal shelving and hanging rails. | C105: 3.14 | D105: m | F105: =C105*E105 -> 0
A106: 16.6.4 | B106: JO5b – comprising full height built-in sliding door wardrobes to 2700 mm high with 2 panel door system, mirror behind, internal shelving and hanging rails. | C106: 3.65 | D106: m | F106: =C106*E106 -> 0
B107: WIR
A108: 16.6.5 | B108: JO7a/b – comprising open walk-in robe joinery with full-height laminate carcass, adjustable shelving, drawer units and hanging rails. | C108: 2.78 | D108: m | F108: =C108*E108 -> 0
B109: Linen
A110: 16.6.6 | B110: JO6 – comprising full-height sliding door linen cupboard to 2700mm high with 3 panel door system, hang rail and shelving. | C110: 2.07 | D110: m | F110: =C110*E110 -> 0
...
